Asutuse.registrikood;Asutuse.täisnimi;Maakond..linn.vald..kÃ.la;Tänav.maja;Arhiv..kp;Lõp.akt.nimi;Lõpet..nr;Lõpetamise.akti.kuupäev;Lõpet.kp;Arhiivis;E.mail
75002353;Aakre Raamatukogu;Aakre küla, Puka vald, Valga maakond;;;;;0;;;AAKRERAAMATUKOGU@HOT.EE
75002382;Aakre Rahvamaja;Aakre küla, Puka vald, Valga maakond;;;;;0;;;KRISTI.NAGLA@MAIL.EE
75015812;Abja Vallavalitsus;Abja-Paluoja v-linn, Abja vald, Viljandi maakond;Pärnu mnt 30;;;;0;;;ABJAVV@ABJA.EE
75021511;Abruka Raamatukogu;Abruka küla, Kaarma vald, Saare maakond;;;;;0;;;
75026922;Aegviidu Kool;Aegviidu alev, Aegviidu vald, Harju maakond;Pärna 1;;;;0;;;KOOL@AEGVIIDU.EDU.EE
75026916;Aegviidu Lasteaed;Aegviidu alev, Aegviidu vald, Harju maakond;Kase 10;;;;0;;;LASTEAED@AEGVIIDU.EE
75026945;Aegviidu Rahvamaja;Aegviidu alev, Aegviidu vald, Harju maakond;Pärna 12;;;;0;;;
75026939;Aegviidu Vallaraamatukogu;Aegviidu alev, Aegviidu vald, Harju maakond;Piibe mnt 13;;;;0;;;AEGVIIDU.RAAMATUKOGU@MAIL.EE
75021480;Aegviidu Vallavalitsus;Aegviidu alev, Aegviidu vald, Harju maakond;Kase 10;;;;0;;;AEGVV@AEGVIIDU.EE
75032526;Ahja Valla Tuglase Muuseum;Ahja alevik, Ahja vald, Põlva maakond;Tartu mnt 21;0;;;0;0;;AHJA.INFO@MAIL.EE
75012564;Aidu Raamatukogu;Aidu küla, Pajusi vald, Jõgeva maakond;Kooli tee 4-16;;;;0;;;AIDURAAMAT@HOT.EE
75004820;Ala Põhikool;Ala küla, Helme vald, Valga maakond;;;;;0;;;
75008321;Alajõe Vallavalitsus;Alajõe küla, Alajõe vald, Ida-Viru maakond;Valla 8;;;;0;;;ALAJOEVV@ALAJOEVV.EE
75014936;Alatskivi Kunstide Kool;Alatskivi alevik, Alatskivi vald, Tartu maakond;;;;;0;;;ALATSKIVI.KUNSTIDEKOOL@MAIL.EE
75031124;Albu Valla Toiduait;Albu küla, Albu vald, Järva maakond;;0;;;0;0;;ENENIINSALU@ALBU.EE
75025615;Ambla Kultuurikeskus;Aravete alevik, Ambla vald, Järva maakond;Piibe mnt 27;;;;0;;;
75003447;Ambla Lasteaed-Põhikool;Ambla alevik, Ambla vald, Järva maakond;Pikk 37;;;;0;;;AMBLAPK@AMBLAPK.EDU.EE
75003418;Ambla Raamatukogu;Ambla alevik, Ambla vald, Järva maakond;Pikk 31;;;;0;;;
75036622;Anija Valla Spordikeskus;Kehra v-linn, Anija vald, Harju maakond;Spordi tn 2b;0;;;0;0;;SPORT@ANIJA.EE
75005860;Anna Vaba Aja Maja;Anna küla, Paide vald, Järva maakond;Kanarbiku tee 4;;;;0;;;ANNAVAM.ANNAVAM@GMAIL.COM
75007066;Anne Noortekeskus;Tartu linn, Tartu maakond;Uus 56;;;;0;;;INFO@ANNENK.TARTU.EE
75003341;Aravete Külamuuseum;Aravete alevik, Ambla vald, Järva maakond;Kurisu 1;;;;0;;;
75003358;Aravete Raamatukogu;Aravete alevik, Ambla vald, Järva maakond;Lasteaia 4;;;;0;;;
75016384;Aravu Rahvamaja;Aravu küla, Meeksi vald, Tartu maakond;;;;;0;;;
75004688;Are Huvikeskus;Are alevik, Are vald, Pärnu maakond;Pärivere 17;;;;0;;;AREKLUBI@HOT.EE
75004694;Are Raamatukogu;Are alevik, Are vald, Pärnu maakond;Pärivere 17, Kooli 1;;;;0;;;
75004671;Are Vallavalitsus;Are alevik, Are vald, Pärnu maakond;Pärivere 17;;;;0;;;SEKRETAR@AREVALD.EE
75010789;"Aruküla Huvialakeskus \Pääsulind\""""";Aruküla alevik, Raasiku vald, Harju maakond;Tallinna mnt 38;;;;0;;;HUVIKOOL@HOT.EE
75010720;"Aruküla Lasteaed \Rukkilill\""""";Aruküla alevik, Raasiku vald, Harju maakond;Staadioni 6;;;;0;;;
75010737;Aruküla Põhikool;Aruküla alevik, Raasiku vald, Harju maakond;Põllu 5;;;;0;;;KOOL@ARUKYLA.EDU.EE
75010755;Aruküla Raamatukogu;Aruküla alevik, Raasiku vald, Harju maakond;Tallinna mnt 14;;;;0;;;ARUKYLARK@HOT.EE
75015099;Aruvälja Raamatukogu;Ahaste küla, Audru vald, Pärnu maakond;;;;;0;;;ARUVALJA@PKR.EE
75009697;Assamalla Rahvaraamatukogu;Assamalla küla, Tamsalu vald, Lääne-Viru maakond;;;;;0;;;ASSARK@HOT.EE
70003566;Astangu Kutserehabilitatsiooni Keskus;Tallinn, Harju maakond;Astangu 27;;;;0;;;ASTANGU@ASTANGU.EE
75027270;Aste Klubi;Aste alevik, Kaarma vald, Saare maakond;;;;;0;;;
75021528;Aste Raamatukogu;Aste alevik, Kaarma vald, Saare maakond;;;;;0;;;
74000151;Audiitorkogu;Tallinn, Harju maakond;Tartu mnt 50;0;;;0;0;;INFO@AUDIITORKOGU.EE
75015077;Audru Lasteaed;Audru alevik, Audru vald, Pärnu maakond;Nooruse 2;;;;0;;;AUDRULASTEAED@HOT.EE
75015172;Audru Muuseum;Audru alevik, Audru vald, Pärnu maakond;Pärna allee 14;;;;0;;;
75035306;Audru Päevakeskus;Audru alevik, Audru vald, Pärnu maakond;Ringi 1 a;0;;;0;0;;INFO@AUDRU.EE
75015083;Audru Raamatukogu;Audru alevik, Audru vald, Pärnu maakond;Pärna allee 14;;;;0;;;AUDRU@PKR.EE
75024001;Avinurme Gümnaasium;Avinurme alevik, Avinurme vald, Ida-Viru maakond;Võidu 16;;;;0;;;KESKKOOL@AVINURME.EE
75023970;Avinurme Koduloomuuseum;Avinurme alevik, Avinurme vald, Ida-Viru maakond;Võidu tn. 2;;;;0;;;
75024018;Avinurme Lasteaed;Avinurme alevik, Avinurme vald, Ida-Viru maakond;Põllu tn. 1;;;;0;;;
75023964;Avinurme Valla Raamatukogud;Avinurme alevik, Avinurme vald, Ida-Viru maakond;Põllu tn. 1;;;;0;;;
75023935;Avinurme Vallavalitsus;Avinurme alevik, Avinurme vald, Ida-Viru maakond;Võidu tn.9;;;;0;;;AVINURME@AVINURME.EE
75023993;Avinurme Veeettevõte;Avinurme alevik, Avinurme vald, Ida-Viru maakond;Võidu tn. 9;;;;0;;;AVINURME@AVINURME.EE
75023680;C. R. Jakobsoni nim Torma Põhikool;Torma alevik, Torma vald, Jõgeva maakond;Kooli tee 23;;;;0;;;TORMAPK@TORMAPK.EE
74000027;Eesti Advokatuur;Tallinn, Harju maakond;Rävala pst 3;0;;;0;0;;ADVOKATUUR@ADVOKATUUR.EE
74000091;Eesti Haigekassa;Tallinn, Harju maakond;Lembitu 10;0;;;0;0;;HAIGEKASSA@HAIGEKASSA.EE
74002322;Eesti Rahvusringhääling;Tallinn, Harju maakond;Gonsiori 27;0;;;0;0;;ERR@ERR.EE
70000869;Eesti Taimekasvatuse Instituut;Jõgeva alevik, Jõgeva vald, Jõgeva maakond;J. Aamisepa 1;;;;0;;;INFO@ETKI.EE
74000381;Eesti Teaduste Akadeemia Underi ja Tuglase Kirjanduskeskus;Tallinn, Harju maakond;Roosikrantsi 6;0;;;0;0;;JANA@EKI.EE, PIRET@EKI.EE
74000085;Eesti Töötukassa;Tallinn, Harju maakond;Lasnamäe 2;0;;;0;0;;INFO@TOOTUKASSA.EE
75021824;Eidapere Lasteaed Kukupai;Eidapere alevik, Kehtna vald, Rapla maakond;Tallinna mnt 23B;;;;0;;;
75002152;Elistvere Raamatukogu;Elistvere küla, Tabivere vald, Jõgeva maakond;;;;;0;;;ELISTVERE@HOT.EE
75008092;Elva Linnavalitsus;Elva linn, Tartu maakond;Kesk 32;;;;0;;;ELVA@ELVA.EE
75009941;"Emmaste Lastepäevakodu \Naksitrallid\""""";Emmaste küla, Emmaste vald, Hiiu maakond;;;;;0;;;
75009958;Emmaste Põhikool;Emmaste küla, Emmaste vald, Hiiu maakond;;;;;0;;;
75009964;Emmaste Raamatukogu;Emmaste küla, Emmaste vald, Hiiu maakond;;;;;0;;;
75009935;Emmaste Vallavalitsus;Emmaste küla, Emmaste vald, Hiiu maakond;;;;;0;;;VALITSUS@EMMASTE.HIIUMAA.EE
75023547;Esku-Kamari Kool;Esku küla, Põltsamaa vald, Jõgeva maakond;;;;;0;;;ESKU.KOOL@MAIL.EE
75017596;Gustav Adolfi Gümnaasium;Tallinn, Harju maakond;Suur-Kloostri 16;;;;0;;;INFO@GAG.EE
75015746;Haabersti Vaba Aja Keskus;Tallinn, Harju maakond;Ehitajate tee 109 A;;;;0;;;KAIDI.LIIVE@HAABERSTI.EE
75013032;Haanja Raamatukogu;Haanja küla, Haanja vald, Võru maakond;;;;;0;;;
75013084;Haanja valla hambaravikabinet;Haanja küla, Haanja vald, Võru maakond;;;;;0;;;
75012860;Haapsalu Kultuurikeskus;Haapsalu linn, Lääne maakond;Posti 3;;;;0;;;HKK@JAAM.EE
75012848;Haapsalu Kunstikool;Haapsalu linn, Lääne maakond;Karja 6;;;;0;;;
75012943;"Haapsalu Lasteaed \Päikesejänku\""""";Haapsalu linn, Lääne maakond;Endla 9;;;;0;;;PAIKESEJANKU@HOT.EE
75012914;"Haapsalu Lasteaed \Pääsupesa\""""";Haapsalu linn, Lääne maakond;Niine 5;;;;0;;;PAASUPESA@HOT.EE
75012920;"Haapsalu Lasteaed \Tareke\""""";Haapsalu linn, Lääne maakond;Põllu 6;;;;0;;;
75012937;"Haapsalu Lasteaed \Tõruke\""""";Haapsalu linn, Lääne maakond;Wiedemanni 12;;;;0;;;
75012908;"Haapsalu Lasteaed \Vikerkaar\""""";Haapsalu linn, Lääne maakond;Lihula mnt 13;;;;0;;;
75012952;Haapsalu Linna Algkool;Haapsalu linn, Lääne maakond;Ehte 14;;;;0;;;HLA@HOT.EE
75012877;Haapsalu Noorte Huvikeskus;Haapsalu linn, Lääne maakond;F.J. Wiedemanni 4;;;;0;;;HELE@HAAPSALUNOOR.EE
75008255;Haaslava Vallavalitsus;Kurepalu küla, Haaslava vald, Tartu maakond;Haaslava vallamaja;;;;0;;;VALD@HAASLAVA.EE
75028128;Hageri Muuseum;Hageri küla, Kohila vald, Rapla maakond;Apteegimaja;0;;;0;0;;
75030036;Hageri Rahvamaja;Hageri alevik, Kohila vald, Rapla maakond;;0;;;0;0;;HANA@KOHILA.EE
75035170;Hageri raamatukogu;Hageri alevik, Kohila vald, Rapla maakond;;0;;;0;0;;HAGERI.RAAMATUKOGU@KOHILA.EE
75022966;Haimre Rahvamaja;Moka küla, Märjamaa vald, Rapla maakond;;;;;0;;;HAIMRE.KLUBI@MARJAMAA.EE
75013150;Haljala Lasteaed Pesapuu;Haljala alevik, Haljala vald, Lääne-Viru maakond;Schönbergi tee 1;;;;0;;;LASTEAED@HALJALA.EE
75024142;Haljala Rahvamaja;Haljala alevik, Haljala vald, Lääne-Viru maakond;Tallinna mnt 13;;;;0;;;RAHVAMAJA@HALJALA.EE
75010080;Halliste Lasteaed Pääsuke;Pornuse küla, Halliste vald, Viljandi maakond;Ü•isu 7;;;;0;;;VALD@HALLISTE.EE
75010097;Halliste Põhikool;Pornuse küla, Halliste vald, Viljandi maakond;;;;;0;;;KOOL@HALLISTE.VIL.EE
75015953;Halliste Raamatukogu;Halliste alevik, Halliste vald, Viljandi maakond;Nurme 3-8;;;;0;;;VALD@HALLISTE.EE
75027040;Hanikase Raamatukogu;Hanikase küla, Orava vald, Põlva maakond;;;;;0;;;
75036027;Hariduse Tugiteenuste Keskus;Tartu linn, Tartu maakond;Tartu, Tähe 56;0;;;0;0;;HO@RAAD.TARTU.EE
75028329;Harku Raamatukogu;Harku alevik, Harku vald, Harju maakond;Instituudi tee 5;0;;;0;0;;
75014764;Harmi Põhikool;Harmi küla, Kõue vald, Harju maakond;;;;;0;;;KOOL@HARMI.EE
75005937;Heliloojate Kappide Majamuuseum;Suure-Jaani v-linn, Suure-Jaani vald, Viljandi maakond;Tallinna mnt 30;;;;0;;;
75027123;Hellamaa Külakeskus;Hellamaa küla, Muhu vald, Saare maakond;;0;;;0;0;;
75019862;Hellamaa Perekeskus;Hellamaa küla, Pühalepa vald, Hiiu maakond;;;;;0;;;
75020871;Hellamaa Raamatukogu;Hellamaa küla, Muhu vald, Saare maakond;;;;;0;;;
75019891;Hellamaa Rahvaraamatukogu;Tempa küla, Pühalepa vald, Hiiu maakond;;;;;0;;;
75007646;Hellenurme Külaraamatukogu;Hellenurme küla, Palupera vald, Valga maakond;;;;;0;;;
75007623;Hellenurme Maakultuurimaja;Hellenurme küla, Palupera vald, Valga maakond;;;;;0;;;
75004837;Helme Koduloomuuseum;Kirikuküla küla, Helme vald, Valga maakond;;;;;0;;;
75004808;Helme Raamatukogu;Linna küla, Helme vald, Valga maakond;;;;;0;;;
75004777;Helme Vallavalitsus;Tõrva linn, Valga maakond;Tartu tn 20;;;;0;;;POSTIPOISS@HELME.EE
70009758;Hiiumaa Gümnaasium;Hiiu vald, Hiiu maakond;Uus tn 4;0;;;0;0;;
75039451;Hiiumaa Loodus- ja Tegevuskeskus;Käina alevik, Käina vald, Hiiu maakond;Mäe 4;0;;;0;0;;VALITSUS@KAINA.HIIUMAA.EE
75015232;"Hooldekodu \Härmalõng\""""";Kastre küla, Mäksa vald, Tartu maakond;;;;;0;;;HARMALONG@HOT.EE
75001193;Hummuli Hoolekandekeskus;Hummuli alevik, Hummuli vald, Valga maakond;Hummuli alevik 154-7/8;;;;0;;;HOOLDEKODU@HUMMULIVV.EE
75001224;Hummuli Külaraamatukogu;Hummuli alevik, Hummuli vald, Valga maakond;;;;;0;;;
75001247;Hummuli Põhikool;Hummuli alevik, Hummuli vald, Valga maakond;;;;;0;;;
75001230;Hummuli Rahvamaja;Hummuli alevik, Hummuli vald, Valga maakond;;;;;0;;;
75001218;"Hummuli Valla Lasteaed \Sipsik\""""";Hummuli alevik, Hummuli vald, Valga maakond;Hummuli alevik 154-13-14;;;;0;;;
75001187;Hummuli Vallavalitsus;Hummuli alevik, Hummuli vald, Valga maakond;;;;;0;;;VALD@HUMMULIVV.EE
75036228;Häädemeeste Hooldekodu;Häädemeeste vald, Pärnu maakond;Lasteaia tn 11;0;;;0;0;;
75035157;Häädemeeste Muuseum;Häädemeeste alevik, Häädemeeste vald, Pärnu maakond;Kooli 9;0;;;0;0;;PUKK2@HOT.EE
75012417;Hüüru Raamatukogu;Hüüru küla, Saue vald, Harju maakond;;;;;0;;;
70007742;Ida-Virumaa Kutsehariduskeskus;Jõhvi linn, Ida-Viru maakond;Kutse 13;0;;;0;0;;JUHIABI@IVK.EDU.EE
75013718;Iisaku Raamatukogu;Iisaku alevik, Iisaku vald, Ida-Viru maakond;Tartu mnt 62;;;;0;;;RAAMATUKOGU@IISAKU.EDU.EE
75004843;Illuka Vallavalitsus;Illuka küla, Illuka vald, Ida-Viru maakond;;;;;0;;;ILLUKA@ILLUKAVV.EE
75015447;Ilmatsalu Raamatukogu;Ilmatsalu alevik, Tähtvere vald, Tartu maakond;Kooli tee 5;;;;0;;;RAAMATUKOGU@ILMATSALU.EE
75028625;Imavere Päevakeskus;Imavere vald, Järva maakond;;0;;;0;0;;IMAVERE@IMAVEREVV.PAIDE.EE
75004872;Imavere Põhikool;Imavere küla, Imavere vald, Järva maakond;;;;;0;;;
75004903;Imavere Raamatukogu;Imavere küla, Imavere vald, Järva maakond;;;;;0;;;
75035223;Imavere Valla Avatud Noortekeskus;Imavere küla, Imavere vald, Järva maakond;Kiigevere tee 5;0;;;0;0;;REIMA.NOMMIK@IMAVEREVV.EE
75004889;"Imavere lasteaed \Mõmmi\""""";Imavere küla, Imavere vald, Järva maakond;;;;;0;;;
75031946;Jaanimõisa Külakeskus;Mooste vald, Põlva maakond;Jaanimõisa küla 2-4;0;;;0;0;;ARLIS33@HOT.EE
75001201;Jeti Päevakeskus;Jeti küla, Hummuli vald, Valga maakond;;;;;0;;;MAIMU@HUMMULIVV.EE
75023875;Juuru Raamatukogu;Juuru alevik, Juuru vald, Rapla maakond;Tallinna mnt 27;;;;0;;;
75016295;Jäneda Kool;Jäneda küla, Tapa vald, Lääne-Viru maakond;;;;;0;;;KOOL@JANEDAKOOL.EE
75009674;Jänesselja Lasteaed;Sauga alevik, Sauga vald, Pärnu maakond;Jänesselja tn 10;;;;0;;;INFO@JANESSELJA.EE
75035648;Järvakandi Avatud Noortekeskus;Järvakandi alev, Järvakandi vald, Rapla maakond;Tallinna mnt 19;0;;;0;0;;NOORTEKAS@JARVAKANDI.EE
75002531;Järvamaa Keskraamatukogu;Paide linn, Järva maakond;Lai 33;;;;0;;;JARVAMAA.KESKRAAMATUKOGU@PAIDE.EE
70008546;Järvamaa Kutsehariduskeskus;Paide linn, Järva maakond;Tallinna 46;0;;;0;0;;KOOL@JKHK.EE
75026069;Jõelähtme Valla Kultuurikeskus;Jõelähtme küla, Jõelähtme vald, Harju maakond;Postijaama tee 7;;;;0;;;ELLE.HIMMA@JOELAHTME.EE
75026023;Jõelähtme valla keskraamatukogu;Loo alevik, Jõelähtme vald, Harju maakond;Saha tee 7b;;;;0;;;
75015605;Jõesuu Raamatukogu;Jõesuu küla, Tori vald, Pärnu maakond;;;;;0;;;
75003051;Jõgeva Maakonna Keskraamatukogu;Põltsamaa linn, Jõgeva maakond;Veski tn 3;;;;0;;;RAAMAT@JKRK.EE
75038173;Jõgeva Põhikool;Jõgeva linn, Jõgeva maakond;Rohu tn 10;0;;;0;0;;KOOL@JPK.EE
75038902;Jõgeva Spordikeskus;Jõgeva linn, Jõgeva maakond;Aia tn 40;0;;;0;0;;
75002620;Jõhvi Keskraamatukogu;Jõhvi v-linn, Jõhvi vald, Ida-Viru maakond;Rakvere 13A;;;;0;;;RAAMATUKOGU@AIP.JOHVI.EE
75002608;Jõhvi Põhikool;Jõhvi v-linn, Jõhvi vald, Ida-Viru maakond;Hariduse 5;;;;0;;;KOOL@JOHVIG.EDU.EE
75015108;Jõõpre Raamatukogu;Jõõpre küla, Audru vald, Pärnu maakond;;;;;0;;;JOOPRE@PKR.EE
75015189;Jõõpre Vanurite Kodu;Jõõpre küla, Audru vald, Pärnu maakond;;;;;0;;;
75026218;Jüri Gümnaasium;Jüri alevik, Rae vald, Harju maakond;Laste 3;;;;0;;;KOOL@JYRI.EDU.EE
75026170;Jüri Raamatukogu;Jüri alevik, Rae vald, Harju maakond;Aaviku tee 1;;;;0;;;JYRI.RMK@RAE.EE
75001738;Kaagjärve Raamatukogu;Kaagjärve küla, Karula vald, Valga maakond;;;;;0;;;
75022315;Kaali Raamatukogu;Kõljala küla, Pihtla vald, Saare maakond;;;;;0;;;
75003200;Kaarepere Raamatukogu;Kaarepere küla, Palamuse vald, Jõgeva maakond;;;;;0;;;
75003223;Kaarepere Rahvamaja;Kaarepere küla, Palamuse vald, Jõgeva maakond;;;;;0;;;
75015918;Kaarli Rahvamaja;Kaarli küla, Halliste vald, Viljandi maakond;;;;;0;;;VALD@HALLISTE.EE
75021534;Kaarma Raamatukogu;Asuküla küla, Kaarma vald, Saare maakond;;;;;0;;;
75023102;Kabala Lasteaed-Põhikool;Tamme küla, Raikküla vald, Rapla maakond;;;;;0;;;KOOL@KABALA.EDU.EE
75023119;Kabala Raamatukogu;Tamme küla, Raikküla vald, Rapla maakond;;;;;0;;;
75033945;Kabala Spordimaja;Tamme küla, Raikküla vald, Rapla maakond;;0;;;0;0;;SPORDIMAJA@RAIKKYLA.EE
75035625;Kabli Seltsimaja;Kabli küla, Häädemeeste vald, Pärnu maakond;;0;;;0;0;;
75008864;Kadila Rahvaraamatukogu;Kadila küla, Vinni vald, Lääne-Viru maakond;;;;;0;;;KADILARAAMATUKOGU@HOT.EE
75034131;Kadila Seltsimaja;Kadila küla, Vinni vald, Lääne-Viru maakond;;0;;;0;0;;LIDIA.METS@MAIL.EE
75007936;Kadrina Valla Päästeteenistus;Kadrina alevik, Kadrina vald, Lääne-Viru maakond;Pargi 3;;;;0;;;
70000591;Kaitsepolitseiamet;Tallinn, Harju maakond;Toompuiestee 3;;;;0;;;KAPO@KAPO.EE
75025377;Kaiu Hooldekodu;Kaiu alevik, Kaiu vald, Rapla maakond;Kasvandu tee 45;;;;0;;;
75025414;"Kaiu Lasteaed \Triinutare\""""";Kaiu alevik, Kaiu vald, Rapla maakond;Kasvandu tee 12;;;;0;;;
75025396;Kaiu Muusikakool;Kaiu alevik, Kaiu vald, Rapla maakond;;;;;0;;;
75029116;Kaiu Noortetuba;Kaiu alevik, Kaiu vald, Rapla maakond;Kaare 3;0;;;0;0;;
75025420;Kaiu Põhikool;Kaiu alevik, Kaiu vald, Rapla maakond;Kasvandu tee 10;;;;0;;;KAIUPK@ESTPAK.EE
75025443;Kaiu Raamatukogu;Kaiu alevik, Kaiu vald, Rapla maakond;Kasvandu tee 12;;;;0;;;
75025354;Kaiu Rahvamaja;Kaiu alevik, Kaiu vald, Rapla maakond;Kasvandu tee 17;;;;0;;;
75025331;Kaiu Vallavalitsus;Kaiu alevik, Kaiu vald, Rapla maakond;Kasvandu tee 17;;;;0;;;VALD@KAIU.EE
75027904;Kalevipoja Muuseum;Kääpa küla, Saare vald, Jõgeva maakond;;;;;0;;;
75015858;Kamara Lasteaed;Kamara küla, Abja vald, Viljandi maakond;;;;;0;;;
75009616;Kambja Spordihoone;Kambja alevik, Kambja vald, Tartu maakond;Võru mnt 4a;;;;0;;;GERT@KAMBJA.EDU.EE
75011794;Kanepi Lasteaed;Kanepi alevik, Kanepi vald, Põlva maakond;Turu 6;;;;0;;;
75011808;Kanepi Raamatukogu;Kanepi alevik, Kanepi vald, Põlva maakond;Turu 6;;;;0;;;HELI.ADAMSON@MAIL.EE
75011754;Kanepi Vallavalitsus;Kanepi alevik, Kanepi vald, Põlva maakond;Turu põik 1;;;;0;;;VALD@KANEPI.EE
75034620;"Kanepi valla munitsipaalasutus \Avatud Noortekeskus\""""";Kanepi alevik, Kanepi vald, Põlva maakond;Turu 6;0;;;0;0;;ANNIKA.LADVA@MAIL.EE
75013227;Kareda Valla Raamatukogu;Peetri alevik, Kareda vald, Järva maakond;;;;;0;;;
75013196;Kareda Vallavalitsus;Peetri alevik, Kareda vald, Järva maakond;Kesktee 11;;;;0;;;KAREDA@ESTPAK.EE
75030243;Karepa Raamatukogu;Karepa küla, Vihula vald, Lääne-Viru maakond;;0;;;0;0;;KAREPARMTK@HOT.EE
75008568;Karilatsi Rahvaraamatukogu;Karilatsi küla, Kõlleste vald, Põlva maakond;;;;;0;;;
75019709;Karja Lugemis-teabetuba;Karja küla, Leisi vald, Saare maakond;;;;;0;;;KARJA@TT.EE
75017314;Karjamaa Põhikool;Tallinn, Harju maakond;Kopli 92;;;;0;;;KARJAMAA@KARJAMAA.TLN.EDU.EE
75023237;Karksi Külamaja;Karksi küla, Karksi vald, Viljandi maakond;;;;;0;;;TEA.SOLG@KARKSI.EE
75006457;Karksi Lasteaed-Algkool;Karksi küla, Karksi vald, Viljandi maakond;;;;;0;;;KARKSILA@MATTI.EE
75006411;Karksi Valla Kultuurikeskus;Karksi-Nuia v-linn, Karksi vald, Viljandi maakond;Viljandi mnt 1;;;;0;;;MARYO.SHLJAITERIS@KARKSI.EE
75035246;Karksi Vallahooldus;Karksi-Nuia v-linn, Karksi vald, Viljandi maakond;Pärnu mnt 8;0;;;0;0;;VELJO.URM@KARKSI.EE
75006397;Karksi Vallavalitsus;Karksi-Nuia v-linn, Karksi vald, Viljandi maakond;Viljandi mnt 1;;;;0;;;VALD@KARKSI.EE
75006440;Karksi-Nuia Lasteaed;Karksi-Nuia v-linn, Karksi vald, Viljandi maakond;Tartu mnt 22;;;;0;;;
75006434;Karksi-Nuia Muusikakool;Karksi-Nuia v-linn, Karksi vald, Viljandi maakond;Tartu mnt 31;;;;0;;;
75035252;Karksi-Nuia Noortekeskus;Karksi-Nuia v-linn, Karksi vald, Viljandi maakond;Tartu mnt 22;0;;;0;0;;INDREK.PALU@KARKSI.EE
75006428;Karksi-Nuia Raamatukogu;Karksi-Nuia v-linn, Karksi vald, Viljandi maakond;Viljandi mnt 1;;;;0;;;NUIALRK@KARKSI.EE
75023253;Karksi-Nuia Spordikool;Karksi-Nuia v-linn, Karksi vald, Viljandi maakond;Kooli 1;;;;0;;;
75004961;Karl Jüri Rammi nimeline Sindi Muusikakool;Sindi linn, Pärnu maakond;Kooli 9;;;;0;;;
75001690;Karula Hooldemaja;Lüllemäe küla, Karula vald, Valga maakond;;;;;0;;;
75022717;Kasepää Raamatukogu;Kasepää küla, Kasepää vald, Jõgeva maakond;Sõpruse 149;;;;0;;;
75028849;Kasepää Rahvamaja;Kasepää küla, Kasepää vald, Jõgeva maakond;Sõpruse 105;0;;;0;0;;VALD@KASEPAA.EE
75022686;Kasepää Vallavalitsus;Raja küla, Kasepää vald, Jõgeva maakond;Sõpruse 90;;;;0;;;VALD@KASEPAA.EE
75034910;Kauksi Lapsehoid;Kauksi küla, Mooste vald, Põlva maakond;;0;;;0;0;;
75013888;Kauksi Põhikool;Kauksi küla, Mooste vald, Põlva maakond;;;;;0;;;KOOL@KAUKSI.EDU.EE
75013931;Kauksi Raamatukogu;Kauksi küla, Mooste vald, Põlva maakond;;;;;0;;;KAUKSI.RAAMAT@MAIL.EE
75003884;Kavastu Algkool-Lasteaed;Kavastu küla, Luunja vald, Tartu maakond;;;;;0;;;
75021936;Kehtna Valla Hooldekodu;Kalbu küla, Kehtna vald, Rapla maakond;;;;;0;;;
75031952;Kehtna Varahaldus;Kehtna alevik, Kehtna vald, Rapla maakond;Pargi 2;0;;;0;0;;KEHTNA@KEHTNA.EE
75025710;Keila Vallavalitsus;Keila linn, Harju maakond;Paldiski mnt 21;;;;0;;;VALITSUS@KEILAVALD.EE
75011412;Kernu Põhikool;Kernu küla, Kernu vald, Harju maakond;;;;;0;;;
75011406;Kernu Valla Rahvamaja;Haiba küla, Kernu vald, Harju maakond;;;;;0;;;
75011464;Kernu Vallaraamatukogu;Haiba küla, Kernu vald, Harju maakond;;;;;0;;;
75022083;Kihelkonna Lasteaed;Kihelkonna alevik, Kihelkonna vald, Saare maakond;Kiriku 2;;;;0;;;
75022095;Kihelkonna Põhikool;Kihelkonna alevik, Kihelkonna vald, Saare maakond;Kooli 1;;;;0;;;MATI@KIH.EDU.EE
75022108;Kihelkonna Raamatukogu;Kihelkonna alevik, Kihelkonna vald, Saare maakond;Pargi 2;;;;0;;;
75022077;Kihelkonna Valla Hooldekodu;Kihelkonna alevik, Kihelkonna vald, Saare maakond;Ravi 1;;;;0;;;
75022060;Kihelkonna Vallavalitsus;Kihelkonna alevik, Kihelkonna vald, Saare maakond;Pargi 2;;;;0;;;KIHELKONNA@KIHELKONNA.NETI.EE
75015114;Kihlepa Raamatukogu;Kihlepa küla, Audru vald, Pärnu maakond;;;;;0;;;KIHLEPA@PKR.EE
75015261;Kihlepa Rahvamaja;Kihlepa küla, Audru vald, Pärnu maakond;;;;;0;;;
75010513;Kiidjärve Raamatukogu;Kiidjärve küla, Vastse-Kuuste vald, Põlva maakond;;;;;0;;;KIIDJARVERK@HOT.EE
75020983;Kiili Vallavalitsus;Kiili alev, Kiili vald, Harju maakond;Nabala tee 2A;;;;0;;;INFO@KIILIVALD.EE
75003759;Kilingi-Nõmme Gümnaasium;Kilingi-Nõmme v-linn, Saarde vald, Pärnu maakond;Sambla 18;;;;0;;;YLD@KOOL.KNG.EDU.EE
75003772;Kilingi-Nõmme Klubi;Kilingi-Nõmme v-linn, Saarde vald, Pärnu maakond;Pärnu 73;;;;0;;;KLUBI@LIVONIA.EE
75003789;"Kilingi-Nõmme Lasteaed \Krõll\""""";Kilingi-Nõmme v-linn, Saarde vald, Pärnu maakond;Aia 1;;;;0;;;EVILAPP@HOT.EE
75003795;Kilingi-Nõmme Muusikakool;Kilingi-Nõmme v-linn, Saarde vald, Pärnu maakond;Pärnu 60;;;;0;;;KNMUUSIKAKOOL@HOT.EE
75003803;Kilingi-Nõmme Raamatukogu;Kilingi-Nõmme v-linn, Saarde vald, Pärnu maakond;Sambla 20;;;;0;;;KILINGI-NOMME@PKR.EE
75035529;Kilingi-Nõmme Spordihoone;Kilingi-Nõmme v-linn, Saarde vald, Pärnu maakond;Pargi 3;0;;;0;0;;SPORDIHOONE@SKSAARDE.EE
75027235;Kiltsi Põhikool;Liivaküla küla, Väike-Maarja vald, Lääne-Viru maakond;;;;;0;;;KILTSIPK@V-MAARJA.EE
75021416;Kirepi Raamatukogu;Kose alevik, Võru vald, Võru maakond;;;;;0;;;
75005216;Kiviõli I Keskkool;Kiviõli linn, Ida-Viru maakond;Viru 14;;;;0;;;
75005204;Kiviõli Kunstide Kool;Kiviõli linn, Ida-Viru maakond;Vabaduse pst 6;;;;0;;;
75005191;Kiviõli Linnaraamatukogu;Kiviõli linn, Ida-Viru maakond;Viru 7;;;;0;;;
75005162;Kiviõli Linnavalitsus;Kiviõli linn, Ida-Viru maakond;Keskpuiestee 20;;;;0;;;VALITSUS@KIVIOLI.EE
75034264;Kiviõli Noortekeskus;Kiviõli linn, Ida-Viru maakond;Rahvamaja 2;0;;;0;0;;
75005185;Kiviõli Rahvamaja;Kiviõli linn, Ida-Viru maakond;Rahvamaja 2;;;;0;;;
75005179;Kiviõli linna lasteaed Kannike;Kiviõli linn, Ida-Viru maakond;Võidu 12;;;;0;;;
75033425;Klooga Kultuuri- ja Noortekeskus;Klooga alevik, Keila vald, Harju maakond;Aedlinna tee 3;0;;;0;0;;
75025744;Klooga Lasteaed;Klooga alevik, Keila vald, Harju maakond;Maeru tee 4;;;;0;;;KLOOGA.LASTEAED@MAIL.EE
75027301;Koeru Keskkool;Koeru alevik, Koeru vald, Järva maakond;Paide tee 16/18;;;;0;;;
75027376;Koeru Kultuurimaja;Koeru alevik, Koeru vald, Järva maakond;Paide tee 3;;;;0;;;
75027353;"Koeru Lasteaed \Päikeseratas\""""";Koeru alevik, Koeru vald, Järva maakond;Paide tee 15a;;;;0;;;
75034123;Koeru Noortemaja;Koeru alevik, Koeru vald, Järva maakond;Paide tee 3;0;;;0;0;;JUTA@KOERUVV.EE
75027347;Koeru Raamatukogu;Koeru alevik, Koeru vald, Järva maakond;Paide tee 3;;;;0;;;RAAMATUKOGU@KOERUVV.EE
75029257;Kohila Avatud Noortekeskus;Kohila alev, Kohila vald, Rapla maakond;Posti 5A;0;;;0;0;;KART.KOLON@MAIL.EE
75027873;Kohila Gümnaasium;Kohila alev, Kohila vald, Rapla maakond;Kooli t 1;;;;0;;;KOHILA@KOHILA.EDU.EE
75036122;Kohila Keskkonnahariduse Keskus;Kohila alev, Kohila vald, Rapla maakond;Kooli 1;0;;;0;0;;VALLAVALITSUS@KOHILA.EE
75035708;Kohila Lasteaed Sipsik;Kohila alev, Kohila vald, Rapla maakond;Posti tn 5a;0;;;0;0;;SIPSIK@KOHILA.EE
75029234;Kohila Raamatukogu;Kohila alev, Kohila vald, Rapla maakond;Posti 5a;0;;;0;0;;KOHILARAAMAT@HOT.EE
75031828;Kohila Spordikompleks;Kohila alev, Kohila vald, Rapla maakond;Kooli 1;0;;;0;0;;VALLAVALITSUS@KOHILA.EE
75029240;Kohila lasteaed Männi;Kohila alev, Kohila vald, Rapla maakond;Tööstuse 3;0;;;0;0;;
75006150;Kohtla-Järve Järve Vene Gümnaasium;Kohtla-Järve linn, Ida-Viru maakond;Järveküla tee 39;;;;0;;;VENEGIM@NETI.EE
75006173;Kohtla-Järve Kesklinna Põhikool;Kohtla-Järve linn, Ida-Viru maakond;Pärna 20;;;;0;;;INFO@KJKG.EDU.EE
75003039;Kohtla-Järve Lasteaed Lepatriinu;Kohtla-Järve linn, Ida-Viru maakond;Pärna 29;;;;0;;;JUHATAJA@LEPATRIINULASTEKAS.EE
75002904;Kohtla-Järve Lasteaed Muinasjutt;Kohtla-Järve linn, Ida-Viru maakond;Männi 10/4;;;;0;;;LASTEAED.MUINASJUTT@MAIL.EE
75002884;Kohtla-Järve Lasteaed Pääsuke;Kohtla-Järve linn, Ida-Viru maakond;Keskallee 34;;;;0;;;LASTEAED.PAASUKE@MAIL.EE
75002962;Kohtla-Järve Lasteaed Tuvike;Kohtla-Järve linn, Ida-Viru maakond;Mäe 7;;;;0;;;LATUVIKE@HOT.EE
75022150;Kohtla-Nõmme Lastekodu;Kohtla-Nõmme alev, Kohtla-Nõmme vald, Ida-Viru maakond;Männiku 10a;;;;0;;;VALD@KOHTLA-NOMMEVV.EE
75022143;Kohtla-Nõmme Rahvaraamatukogu;Kohtla-Nõmme alev, Kohtla-Nõmme vald, Ida-Viru maakond;Kooli 9;;;;0;;;VALD@KOHTLA-NOMMEVV.EE
75022114;Kohtla-Nõmme Vallavalitsus;Kohtla-Nõmme alev, Kohtla-Nõmme vald, Ida-Viru maakond;Kooli 6;;;;0;;;VALD@KOHTLANOMME.EE
75025532;Kolga Lasteaed;Kolga alevik, Kuusalu vald, Harju maakond;Saalimäe tee 1;;;;0;;;KOLGA.LASTEAED@KUUSALU.EE
75025905;Kolga Muuseum;Kolga alevik, Kuusalu vald, Harju maakond;Kolga mõis;;;;0;;;KOLGA.MUUSEUM@KUUSALU.EE
75030220;Kolga-Jaani Hooldekodu;Kolga-Jaani alevik, Kolga-Jaani vald, Viljandi maakond;Aia 1;0;;;0;0;;KJAANI@HOT.EE
75012340;Kolga-Jaani Kultuurimaja;Kolga-Jaani alevik, Kolga-Jaani vald, Viljandi maakond;Viljandi mnt 2;;;;0;;;
75012334;"Kolga-Jaani Lasteaed \Naksitrallid\""""";Kolga-Jaani alevik, Kolga-Jaani vald, Viljandi maakond;Aia 1;;;;0;;;
75012280;Kolga-Jaani Põhikool;Kolga-Jaani alevik, Kolga-Jaani vald, Viljandi maakond;Viljandi mnt 1A;;;;0;;;JYRI@KOLGA-JAANI.EE
75012274;Kolga-Jaani Vallavalitsus;Kolga-Jaani alevik, Kolga-Jaani vald, Viljandi maakond;Viljandi mnt 6;;;;0;;;KALEVI.KAUR@KOLGA-JAANI.EE
75012311;Kolga-Jaani valla munitsipaalasutus Sovel;Kolga-Jaani alevik, Kolga-Jaani vald, Viljandi maakond;Viljandi mnt 6;;;;0;;;
75011027;Kolkja Lasteaed;Kolkja alevik, Peipsiääre vald, Tartu maakond;;;;;0;;;PVALD@ONLINE.EE
75011042;Kolkja Põhikool;Kolkja alevik, Peipsiääre vald, Tartu maakond;;;;;0;;;PVALD@ONLINE.EE
75011079;Kolkja Raamatukogu;Kolkja alevik, Peipsiääre vald, Tartu maakond;;;;;0;;;PVALD@ONLINE.EE
75011062;Kolkja Rahvamaja;Kolkja alevik, Peipsiääre vald, Tartu maakond;;;;;0;;;PVALD@ONLINE.EE
75023616;Konguta Rahvamaja;Annikoru küla, Konguta vald, Tartu maakond;;;;;0;;;
75023639;Konguta raamatukogu;Annikoru küla, Konguta vald, Tartu maakond;;;;;0;;;
75003499;Koonga Raamatukogu;Koonga küla, Koonga vald, Pärnu maakond;;;;;0;;;KOONGA@PKR.EE
75003482;Koonga Vallavalitsus;Koonga küla, Koonga vald, Pärnu maakond;;;;;0;;;INFO@KOONGAVALD.EE
75017455;Kopli Lasteaed;Tallinn, Harju maakond;Kopli 104;;;;0;;;KOPLI@LA.TLN.EDU.EE
75011599;Kose Lasteaed;Kose alevik, Kose vald, Harju maakond;Pikk 30;;;;0;;;INFO@KOSELA.EE
75034755;Kose-Uuemõisa Külakeskus;Kose-Uuemõisa alevik, Kose vald, Harju maakond;Kesk tn 15;0;;;0;0;;
75001425;Krabi Põhikool;Krabi küla, Varstu vald, Võru maakond;;;;;0;;;KRABI@WERRO.EE
75001460;Krabi Raamatukogu;Krabi küla, Varstu vald, Võru maakond;;;;;0;;;
75014238;Kristiine Linnaosa Valitsus;Tallinn, Harju maakond;Tulika 33B;;;;0;;;KRISTIINE@TALLINNLV.EE
75016326;Kristiine Sotsiaalmaja;Tallinn, Harju maakond;Energia 13;;;;0;;;
75008545;Krootuse Hooldekodu;Krootuse küla, Kõlleste vald, Põlva maakond;;;;;0;;;
75008551;Krootuse Rahvaraamatukogu;Krootuse küla, Kõlleste vald, Põlva maakond;Pargi 3;;;;0;;;
75002361;Kuigatsi Raamatukogu;Kuigatsi küla, Puka vald, Valga maakond;;;;;0;;;PAIMRE@HOT.EE
75025383;Kuimetsa Algkool;Kuimetsa küla, Kaiu vald, Rapla maakond;;;;;0;;;
75025437;Kuimetsa Raamatukogu;Kuimetsa küla, Kaiu vald, Rapla maakond;;;;;0;;;
75025348;Kuimetsa Rahvamaja;Kuimetsa küla, Kaiu vald, Rapla maakond;;;;;0;;;
75015485;Kuldre Kool;Pihleni küla, Urvaste vald, Võru maakond;;;;;0;;;KOOL@KULDREPK.EDU.EE
75015491;Kuldre Raamatukogu;Kuldre küla, Urvaste vald, Võru maakond;;;;;0;;;
75026448;Kullamaa Keskkool;Kullamaa küla, Kullamaa vald, Lääne maakond;;;;;0;;;KULLAMAA@HWG.EDU.EE
75026454;Kullamaa Kultuurimaja;Kullamaa küla, Kullamaa vald, Lääne maakond;;;;;0;;;
75026460;Kullamaa Lasteaed;Kullamaa küla, Kullamaa vald, Lääne maakond;;;;;0;;;
75026477;Kullamaa Raamatukogu;Kullamaa küla, Kullamaa vald, Lääne maakond;;;;;0;;;RAAMATUKOGU@KULLAMAA.EE
75026431;Kullamaa Vallavalitsus;Kullamaa küla, Kullamaa vald, Lääne maakond;;;;;0;;;INFO@KULLAMAA.EE
75020581;Kunda Linna Klubi;Kunda linn, Lääne-Viru maakond;Lasteaia 4;;;;0;;;
75020575;Kunda Muuseum;Kunda linn, Lääne-Viru maakond;Jaama 11;;;;0;;;
75003737;Kuremaa Ujula;Kuremaa alevik, Jõgeva vald, Jõgeva maakond;;;;;0;;;UJULA@KUREMAAUJULA.EE
75024934;Kuremäe Raamatukogu;Kuremäe küla, Illuka vald, Ida-Viru maakond;;;;;0;;;
75024604;Kuressaare Vanalinna Kool;Kuressaare linn, Saare maakond;Pikk tn. 31;;;;0;;;VLK@SAARLANE.EE
75003694;"Kurista Lasteaed \Karukell\""""";Kurista küla, Jõgeva vald, Jõgeva maakond;Keskuse 15a;;;;0;;;LASTEAEDKARUKELL@GMAIL.COM
75024917;Kurtna Laste Päevakeskus;Kurtna küla, Illuka vald, Ida-Viru maakond;Kurtna tee 12-11;0;;;20050630;0;;
75024946;Kurtna Raamatukogu;Kurtna küla, Illuka vald, Ida-Viru maakond;;;;;0;;;
75032934;Kuusalu Eakate Kodu;Kuusalu alevik, Kuusalu vald, Harju maakond;Kuusalu tee 33;0;;;0;0;;
75032928;Kuusalu Noortekeskused;Kuusalu alevik, Kuusalu vald, Harju maakond;Kuusalu tee 35;0;;;0;0;;
75035329;Kuusalu Raamatukogu;Kuusalu alevik, Kuusalu vald, Harju maakond;Kuusalu tee 33;0;;;0;0;;KUUSALU.RAAMATUKOGU@KUUSALU.EE
75011292;Käina Raamatukogu;Käina alevik, Käina vald, Hiiu maakond;Hiiu mnt 28;;;;0;;;KAINA.RAAMATUKOGU@MAIL.EE
75018644;Kärla Rahvaraamatukogu;Kärla alevik, Kärla vald, Saare maakond;Pargi 1;;;;0;;;KARLARAAMATUKOGU@HOT.EE
75018638;Kärla Spordihall;Kärla alevik, Kärla vald, Saare maakond;Kooli 3;;;;0;;;SPHALL@HOT.EE
75012699;Kärstna Hooldekodu;Kärstna küla, Tarvastu vald, Viljandi maakond;;;;;0;;;
75035795;Kärstna Kool;Kärstna küla, Tarvastu vald, Viljandi maakond;;0;;;0;0;;KOOL@KARST.VIL.EE
75012624;Kärstna Vaba Aja Keskus;Kärstna küla, Tarvastu vald, Viljandi maakond;;;;;0;;;
75026554;Käru Raamatukogu;Käru alevik, Käru vald, Rapla maakond;Viljandi mnt 17;;;;0;;;ILME@KARUVALD.EE
75026508;Käru Vallavalitsus;Käru alevik, Käru vald, Rapla maakond;Viljandi mnt 17;;;;0;;;KARUINET@ESTPAK.EE
75004917;Käsukonna Külaraamatukogu;Käsukonna küla, Imavere vald, Järva maakond;;;;;0;;;
75000934;Kääpa Põhikool;Kääpa küla, Lasva vald, Võru maakond;;;;;0;;;KOOL@KOOPAKOOL.EDU.EE
75000970;Kääpa Raamatukogu;Kääpa küla, Lasva vald, Võru maakond;;;;;0;;;KARMEN@LASVA.EE
75008539;Kõlleste Vallavalitsus;Krootuse küla, Kõlleste vald, Põlva maakond;Pargi 3;;;;0;;;KOLLESTE@KOLLESTE.EE
75014114;Kõmsi Rahvamaja;Kõmsi küla, Hanila vald, Lääne maakond;;;;;0;;;
75022002;Kõo Raamatukogu;Kõo küla, Kõo vald, Viljandi maakond;;;;;0;;;RAAMAT@KOO.EE
75021971;Kõo Vallavalitsus;Kõo küla, Kõo vald, Viljandi maakond;;;;;0;;;KOO.VV@NETI.EE
75014637;Kõpu Hooldekodu;Kõpu alevik, Kõpu vald, Viljandi maakond;Viljandi mnt 11;;;;0;;;MALLE@KOPU.EE
75014652;Kõpu Põhikool;Kõpu alevik, Kõpu vald, Viljandi maakond;;;;;0;;;KOPUPOHIKOOL@GMAIL.COM
75014646;Kõpu Raamatukogu;Kõpu vald, Viljandi maakond;Tipu tn 6;;;;0;;;RAAMATUKOGU@KOPU.EE
75020486;Kõrkvere Rahvaraamatukogu;Kõrkvere küla, Pöide vald, Saare maakond;;;;;0;;;KORKVERERAAMATUKOGU@HOT.EE
75010559;Kõrveküla Põhikool;Kõrveküla alevik, Tartu vald, Tartu maakond;;;;;0;;;KOOL@KORVE.EDU.EE
74002538;Kõrveküla Raamatukogu;Kõrveküla alevik, Tartu vald, Tartu maakond;Haava tn;0;;;0;0;;RAAMATUKOGU@TARTUVV.EE
75010246;Kõrveküla Spordihall;Kõrveküla alevik, Tartu vald, Tartu maakond;;;;;0;;;
75010565;Kõrveküla lasteaed Päikeseratas;Kõrveküla alevik, Tartu vald, Tartu maakond;;;;;0;;;JANA.ROSENTHAL@KORVELA.EDU.EE
75012446;Laagri Lasteaed;Laagri alevik, Saue vald, Harju maakond;Männimetsa tee 53;;;;0;;;LLA@HOT.EE
75002270;Laatre Raamatukogu;Laatre alevik, Tõlliste vald, Valga maakond;Uus 2a;;;;0;;;
75010855;"Laekvere Lasteaed \Rüblik\""""";Laekvere alevik, Laekvere vald, Lääne-Viru maakond;Salutaguse tee 6;;;;0;;;
75010832;Laekvere Põhikool;Laekvere alevik, Laekvere vald, Lääne-Viru maakond;Kesk 8;;;;0;;;IKVEREPK@ESTPAK.EE
75010810;Laekvere Rahva Maja;Laekvere alevik, Laekvere vald, Lääne-Viru maakond;Kesk 12;;;;0;;;LAEKVERE.RAHVA-MAJA@MAT.EE
75010849;Laekvere Rahvaraamatukogu;Laekvere alevik, Laekvere vald, Lääne-Viru maakond;Salutaguse tee 6;;;;0;;;
75010803;Laekvere Vallavalitsus;Laekvere alevik, Laekvere vald, Lääne-Viru maakond;Salutaguse tee 2;;;;0;;;LAEKVERE@LAEKVERE.EE
75026164;Lagedi Raamatukogu;Lagedi alevik, Rae vald, Harju maakond;Jaama 1;;;;0;;;LAGEDI.RMK@RAE.EE
75009504;Lahe Kultuurimaja;Lahe küla, Laheda vald, Põlva maakond;;;;;0;;;
75009496;Lahe Raamatukogu;Lahe küla, Laheda vald, Põlva maakond;;;;;0;;;AINIKA1@HOT.EE
75035163;Laheda Sotsiaalkeskus;Tilsi küla, Laheda vald, Põlva maakond;;0;;;0;0;;
75020859;Laimjala Sotsiaalkorter-Päevakeskus;Laimjala küla, Laimjala vald, Saare maakond;;;;;0;;;LAIMJALA@ESTPAK.EE
75011435;Laitse Raamatukogu;Laitse küla, Kernu vald, Harju maakond;Laitse 41-7;;;;0;;;
75003654;Laiuse Põhikool;Laiuse alevik, Jõgeva vald, Jõgeva maakond;;;;;0;;;KOOL@LAIUSEPK.EDU.EE
75003625;Laiuse Raamatukogu;Laiuse alevik, Jõgeva vald, Jõgeva maakond;Kuremaa tee 30;;;;0;;;KATRE@LAIUSEKP.EDU.EE
75012127;Lasila Põhikool;Lasila küla, Rakvere vald, Lääne-Viru maakond;Vahtra puiestee 17;;;;0;;;LASILAKOOL@HOT.EE
75038948;Lasnamäe Saun;Tallinn, Harju maakond;Pae 19;0;;;0;0;;
75010526;"Lasteaed \Kaari\""""";Vastse-Kuuste alevik, Vastse-Kuuste vald, Põlva maakond;;;;;0;;;KAARI@VKUUSTE.EE
75023668;Lasteaed Linnutaja;Torma alevik, Torma vald, Jõgeva maakond;Lasteaia 3;;;;0;;;
75003074;Lasteaed MARI;Põltsamaa linn, Jõgeva maakond;Pärna tn 3;;;;0;;;LASTEAEDMARI@GMAIL.COM
75026603;Lasteaed Neeme Mudila;Neeme küla, Jõelähtme vald, Harju maakond;Männimäe tee;;;;0;;;INFO@NEEMEMUDILA.EE
75026224;Lasteaed Pillerpall;Vaida alevik, Rae vald, Harju maakond;Vana-Tartu mnt 34;;;;0;;;PILLERPALL@RAE.EE
75019572;Lasteaed Pisipõnn;Tapa v-linn, Tapa vald, Lääne-Viru maakond;Nooruse 11;;;;0;;;PISIPONN@TAPA.EE
75026230;Lasteaed Taaramäe;Jüri alevik, Rae vald, Harju maakond;Ehituse 26;;;;0;;;TAARAMÄE@RAE.EE
75026709;Lasteaed Tõruke;Jüri alevik, Rae vald, Harju maakond;Tammiku 4;;;;0;;;TORUKE@RAE.EE
75019589;Lasteaed Vikerkaar;Tapa v-linn, Tapa vald, Lääne-Viru maakond;Üœlesõidu 3;;;;0;;;VIKERKAAR@TAPA.EE
75018153;Lastesõim Planeedi Mudila;Tallinn, Harju maakond;Planeedi 16;;;;0;;;PLANEEDI@LA.TLN.EDU.EE
75000928;Lasva Raamatukogu;Lasva küla, Lasva vald, Võru maakond;;;;;0;;;RKOGU@LASVA.EE
75000992;Lasva Rahvamaja;Lasva küla, Lasva vald, Võru maakond;;;;;0;;;SIRJE@LASVA.EE
75039391;Lasva Valla Noortekeskus;Kääpa küla, Lasva vald, Võru maakond;Kooli tee 1;0;;;0;0;;VALD@LASVA.EE
75018696;Lasva valla lasteaed;Kääpa küla, Lasva vald, Võru maakond;;;;;0;;;
75012156;Lauka Põhikool;Lauka küla, Kõrgessaare vald, Hiiu maakond;Käina tee 27;;;;0;;;LAUKAKOOL@MAIL.EE
75034324;Laulasmaa Kool;Laulasmaa küla, Keila vald, Harju maakond;;0;;;0;0;;
75034531;Laulasmaa Raamatukogu;Laulasmaa küla, Keila vald, Harju maakond;;0;;;0;0;;
75020316;Leevi Hooldekodu;Leevi küla, Veriora vald, Põlva maakond;;;;;0;;;
75016311;Lehtse Kultuurimaja;Lehtse alevik, Tapa vald, Lääne-Viru maakond;Rägavere tee 19;;;;0;;;LEHTSE.KULTUURIMAJA@TAPA.EE
75012297;Leie Põhikool;Leie küla, Kolga-Jaani vald, Viljandi maakond;;;;;0;;;TIIT@LEIE.VIL.EE
75012375;Leie Raamatukogu;Leie küla, Kolga-Jaani vald, Viljandi maakond;;;;;0;;;
75012104;Lepna Raamatukogu;Lepna alevik, Rakvere vald, Lääne-Viru maakond;Energia pst 20;;;;0;;;
75034519;Lihula Valla Raamatukogu;Lihula v-linn, Lihula vald, Lääne maakond;Tallinna mnt 25;0;;;0;0;;LIHULA.RAAMATUKOGU@LIHULA.EE
75020888;Liiva Raamatukogu;Liiva küla, Muhu vald, Saare maakond;;;;;0;;;
75034488;Liivi Raamatukogu;Liivi küla, Kullamaa vald, Lääne maakond;;0;;;0;0;;LIIVIRAAMATUKOGU@KULLAMAA.EE
75023208;Lilli Algkool;Lilli küla, Karksi vald, Viljandi maakond;;;;;0;;;
75023214;Lilli Külamaja;Lilli küla, Karksi vald, Viljandi maakond;;;;;0;;;MALLE.ERELINE@KARKSI.EE
75015120;Lindi Raamatukogu;Lindi küla, Audru vald, Pärnu maakond;;;;;0;;;LINDI@PKR.EE
75007576;Linna Raamatupidamine;Sillamäe linn, Ida-Viru maakond;Tskalovi 1;;;;0;;;RAAMASIL@HOT.EE
75003855;Lohkva Raamatukogu - Luunja Valla Kesraamatukogu;Lohkva küla, Luunja vald, Tartu maakond;;;;;0;;;INFO@LOHKVA.LIB.EE
75004487;Lohusuu Kool;Lohusuu alevik, Lohusuu vald, Ida-Viru maakond;Avinurme tee 73;;;;0;;;LOHUSUUPK@HOT.EE
75004518;Lohusuu Raamatukogu;Lohusuu alevik, Lohusuu vald, Ida-Viru maakond;Avinurme tee 73;;;;0;;;
75026626;Loo Keskkool;Loo alevik, Jõelähtme vald, Harju maakond;Saha tee 7;;;;0;;;KOOL@LOOKOOL.EE
75021056;Loosi Raamatukogu;Loosi küla, Vastseliina vald, Võru maakond;;;;;0;;;
75008002;Luke Raamatukogu;Luke küla, Nõo vald, Tartu maakond;Vanajärve 2;;;;0;;;
75007994;Luke lasteaed Segasumma;Luke küla, Nõo vald, Tartu maakond;Mäejüri 1;;;;0;;;MARGE.ALTIN@MAIL.EE
75023527;Lustivere Põhikool;Lustivere küla, Põltsamaa vald, Jõgeva maakond;;;;;0;;;LUSTIVEREPK@LUSTIVEREPK.EDU.EE
75003890;"Luunja Lasteaed \Midrimaa\""""";Luunja alevik, Luunja vald, Tartu maakond;Uus t 3;;;;0;;;
75013049;Luutsniku Raamatukogu;Luutsniku küla, Haanja vald, Võru maakond;;;;;0;;;
75012081;Lähte Üœhisgümnaasium;Lähte alevik, Tartu vald, Tartu maakond;;;;;0;;;TOOMAS@LAHTE.EDU.EE
75037624;Lähte Üœhisraamatukogu;Lähte alevik, Tartu vald, Tartu maakond;Ü•petaja tn 8a;0;;;0;0;;LAHTERK@TARTUVV.EE
75012898;Lääne Maakonna Keskraamatukogu;Haapsalu linn, Lääne maakond;Posti 3;;;;0;;;INFO@LIB.HAAPSALU.EE
75039416;Lääne- Saare Haldus;Kuressaare linn, Saare maakond;Marientali 27;0;;;0;0;;HALDUS@LAANESAARE.EE
75038598;Lääne-Nigula Vallavalitsus;Taebla alevik, Lääne-Nigula vald, Lääne maakond;Haapsalu mnt 6;0;;;0;0;;VV@LAANENIGULA.EE
75038994;Lääne-Nigula valla Noortekeskus;Taebla alevik, Lääne-Nigula vald, Lääne maakond;Haapsalu mnt 6;0;;;0;0;;TAEBLA.NOORTEKAS@LAANENIGULA.EE
75039422;Lääne-Saare Avatud Noortekeskused;Aste alevik, Lääne-Saare vald, Saare maakond;Soo tn 2;0;;;0;0;;NOORTEKESKUSED@LAANESAARE.EE
75038977;Lääne-Saare Vallavalitsus;Kuressaare linn, Saare maakond;Marientali tee 27;0;;;0;0;;VALD@LAANESAARE.EE
75012854;Läänemaa Spordikool;Haapsalu linn, Lääne maakond;Lihula mnt 10;;;;0;;;LMSK@UGRI.HAAPSALU.EE
75003571;Lõpe Klubi;Lõpe küla, Koonga vald, Pärnu maakond;;;;;0;;;
75003507;Lõpe Raamatukogu;Lõpe küla, Koonga vald, Pärnu maakond;;;;;0;;;LOPERK@HOT.EE
75034241;Lüganuse Noortemaja;Lüganuse alevik, Lüganuse vald, Ida-Viru maakond;Kiviõli tee 12;0;;;0;0;;
75001715;Lüllemäe Kultuurimaja;Lüllemäe küla, Karula vald, Valga maakond;;;;;0;;;
75001744;Lüllemäe Raamatukogu;Lüllemäe küla, Karula vald, Valga maakond;;;;;0;;;
75026402;Lümanda Karu-Kati Lasteaed;Lümanda küla, Lääne-Saare vald, Saare maakond;;;;;0;;;LYMANDA.LASTEAED@GMAIL.COM
75026388;Lümanda Kultuurimaja;Lümanda küla, Lümanda vald, Saare maakond;;;;;0;;;
75026394;Lümanda Raamatukogu;Lümanda küla, Lümanda vald, Saare maakond;;;;;0;;;
75014818;Lümati Raamatukogu;Lümati küla, Pala vald, Jõgeva maakond;;;;;0;;;ENE@PALA.EE
75024656;Lüübnitsa Külakeskus;Lüübnitsa küla, Mikitamäe vald, Põlva maakond;;;;;0;;;VALD@MIKITA.EDU.EE
75011493;Maardu Kultuuri- ja Infokeskus;Maardu linn, Harju maakond;Karjääri 4;;;;0;;;INFO@MAARDUVAK.EE
75011984;Maardu Kunstide Kool;Maardu linn, Harju maakond;Keemikute 19;;;;0;;;MAARDUKUNSTIDEKOOL@HOT.EE
75025035;Maardu Linnaarhiiv;Maardu linn, Harju maakond;Kallasmaa 1;;;;0;;;LINNAARHIIV@MAARDU.EE
75011470;Maardu Linnavalitsus;Maardu linn, Harju maakond;Kallasmaa 1;;;;0;;;LINNAVALITSUS@MAARDU.EE
75011530;Maardu Sotsiaalmaja;Maardu linn, Harju maakond;Kallasmaa 12;;;;0;;;SOTSMAJA@MAARDU.EE
75025621;Maaritsa Kultuurimaja;Maaritsa küla, Valgjärve vald, Põlva maakond;;;;;0;;;
75011168;Maaritsa Rahvaraamatukogu;Maaritsa küla, Valgjärve vald, Põlva maakond;;;;;0;;;
75002169;Maarja Raamatukogu;Maarja-Magdaleena küla, Tabivere vald, Jõgeva maakond;;;;;0;;;MAARJARMTK@HOT.EE
75002132;Maarja Rahvamaja;Maarja-Magdaleena küla, Tabivere vald, Jõgeva maakond;;;;;0;;;TIIA.PARTELPOEG@MAIL.EE
70000349;Maksu- ja Tolliamet;Tallinn, Harju maakond;Lõõtsa 8a;;;;0;;;EMTA@EMTA.EE
75038925;Martna Raamatukogu;Martna küla, Martna vald, Lääne maakond;;0;;;0;0;;RAAMATUKOGU@MARTNA.EE
75016438;Meeksi Raamatukogu;Mehikoorma alevik, Meeksi vald, Tartu maakond;;;;;0;;;
75016214;Meeksi Vallavalitsus;Meeksi küla, Meeksi vald, Tartu maakond;;;;;0;;;MEEKSIVALD@MEEKSI.EE
75035134;Meeksi valla Seltsikeskus;Mehikoorma alevik, Meeksi vald, Tartu maakond;;0;;;0;0;;MEEKSIVALD@MEEKSI.EE
75016378;Meerapalu Raamatukogu;Meerapalu küla, Meeksi vald, Tartu maakond;;;;;0;;;
75037937;Mehikoorma Lastehoid;Mehikoorma alevik, Meeksi vald, Tartu maakond;Kesk 20;0;;;0;0;;MEEKSIVALD@MEEKSI.EE
75012357;Meleski Raamatukogu;Meleski küla, Kolga-Jaani vald, Viljandi maakond;;;;;0;;;
75016450;Melliste Raamatukogu;Melliste küla, Mäksa vald, Tartu maakond;Oraviku 5-1;;;;0;;;AASA@MAKSAVALD.EE
75038061;Menetlusteenistus;Sinimäe alevik, Vaivara vald, Ida-Viru maakond;Aia 1-4;0;;;0;0;;VTM@VAIVARA.EE
75013380;Meremäe Raamatukogu;Meremäe küla, Meremäe vald, Võru maakond;;;;;0;;;MEREMÄE .RAAMATUKOGU.001@MAIL.EE
75013351;Meremäe Vallavalitsus;Meremäe küla, Meremäe vald, Võru maakond;;;;;0;;;VALD@MEREMAE.EE
75014014;Metsküla Algkool;Metsküla küla, Lihula vald, Lääne maakond;;;;;0;;;METSKYLA.KOOL@LIHULA.EE
75024662;Mikitamäe Valla Hooldekodu;Mikitamäe küla, Mikitamäe vald, Põlva maakond;Pargi 1;;;;0;;;HOOLDEKODU@MIKITA.EDU.EE
75024610;Mikitamäe Vallavalitsus;Mikitamäe küla, Mikitamäe vald, Põlva maakond;Mäe 27;;;;0;;;VALD@MIKITA.EDU.EE
75013842;Misso Rahvamaja;Misso alevik, Misso vald, Võru maakond;;;;;0;;;RAHVAMAJA@MISSO.EE
75013807;Misso Sotsiaalkeskus;Misso alevik, Misso vald, Võru maakond;Riia mnt 47;;;;0;;;
75013782;Misso Vallavalitsus;Misso alevik, Misso vald, Võru maakond;;;;;0;;;VALD@MISSO.EE
75013902;Mooste Lasteaed;Mooste alevik, Mooste vald, Põlva maakond;Lasteaia tee 13;;;;0;;;MOOSTELASTEAED@HOT.EE
75013925;Mooste Raamatukogu;Mooste alevik, Mooste vald, Põlva maakond;;;;;0;;;KAIE@MOOSTE.EE
75033321;Muhu Noortekeskus;Liiva küla, Muhu vald, Saare maakond;;0;;;0;0;;
75013977;"Munitsipaalasutus \DANA\""""";Kolkja alevik, Peipsiääre vald, Tartu maakond;;;;;0;;;PVALD@ONLINE.EE
75009987;Munitsipaalasutus EMKO;Emmaste küla, Emmaste vald, Hiiu maakond;;;;;0;;;
75014267;Mustamäe Linnaosa Valitsus;Tallinn, Harju maakond;Tammsaare tee 135;;;;0;;;MUSTAMAE@TALLINNLV.EE
75018012;Mustjala Lasteaed-Põhikool;Mustjala küla, Mustjala vald, Saare maakond;;;;;0;;;KOOL@MUSTJALA.EDU.EE
75018006;Mustjala Raamatukogu-teabetuba;Mustjala küla, Mustjala vald, Saare maakond;;;;;0;;;
75017998;Mustjala Rahvamaja;Mustjala küla, Mustjala vald, Saare maakond;;;;;0;;;
75017981;Mustjala Vallavalitsus;Mustjala küla, Mustjala vald, Saare maakond;;;;;0;;;VALD@MUSTJALA.EE
75012630;Mustla Rahvamaja;Porsa küla, Tarvastu vald, Viljandi maakond;;;;;0;;;
75027117;Mustvee Gümnaasium;Mustvee linn, Jõgeva maakond;Tartu mnt 11;;;;0;;;KOOL@MUSTVEE.EDU.EE
75027086;Mustvee Kultuurikeskus;Mustvee linn, Jõgeva maakond;Tartu 12;;;;0;;;
75027063;Mustvee Lasteaed;Mustvee linn, Jõgeva maakond;Kastani 40;;;;0;;;
75030929;Mustvee Linnaraamatukogu;Mustvee linn, Jõgeva maakond;Tartu 12;0;;;0;0;;MUSTVEERMK@HOT.EE
75024248;Mustvee Linnavalitsus;Mustvee linn, Jõgeva maakond;Tartu tn. 28;;;;0;;;
75027070;Mustvee Muusika- ja Kunstikool;Mustvee linn, Jõgeva maakond;Narva 22;;;;0;;;
75027092;Mustvee Spordihoone;Mustvee linn, Jõgeva maakond;Narva 24;;;;0;;;
75010826;Muuga Põhikool;Muuga küla, Laekvere vald, Lääne-Viru maakond;;;;;0;;;
75010884;Muuga Raamatukogu;Muuga küla, Laekvere vald, Lääne-Viru maakond;;;;;0;;;
75035476;Mäetaguse Huvikeskus;Mäetaguse alevik, Mäetaguse vald, Ida-Viru maakond;;0;;;0;0;;MARE.TAAR@MAETAGUSEVV.EE
75024685;Mäetaguse Põhikool;Mäetaguse alevik, Mäetaguse vald, Ida-Viru maakond;;;;;0;;;
75035128;Mäetaguse Raamatukogu;Mäetaguse alevik, Mäetaguse vald, Ida-Viru maakond;;0;;;0;0;;MAETAGUSE.RK@MAETAGUSEVV.EE
75005044;Mäetaguse Vallavalitsus;Mäetaguse alevik, Mäetaguse vald, Ida-Viru maakond;;;;;0;;;MAETAGUSEVV@MAETAGUSEVV.EE
75015226;Mäksa Vallavalitsus;Poka küla, Mäksa vald, Tartu maakond;;;;;0;;;INFO@MAKSAVALD.EE
75022752;Märjamaa Ujula;Märjamaa alev, Märjamaa vald, Rapla maakond;Uus 3;;;;0;;;
75034761;Märjamaa Valla Noortekeskus;Märjamaa alev, Märjamaa vald, Rapla maakond;Sauna 2A;0;;;0;0;;
75034425;Mõedaku Spordibaas;Mõedaka küla, Rägavere vald, Lääne-Viru maakond;;0;;;0;0;;MOEDAKU@RAGAVEREVV.EE
75007764;Mõisaküla Lasteaed;Mõisaküla linn, Viljandi maakond;Vabriku 10;;;;0;;;LASTEAED@MOISAKYLA.EE
75007758;Mõisaküla Linnahooldus;Mõisaküla linn, Viljandi maakond;Ü•htu 7a;;;;0;;;LINNAHOOLDUS@MOISAKYLA.EE
75001135;Mõniste Kool;Kuutsi küla, Mõniste vald, Võru maakond;;;;;0;;;KOOL@KUUTSI.EDU.EE
75008734;Narva Lasteaed Põngerjas;Narva linn, Ida-Viru maakond;Vassili Gerassimovi 18A;;;;0;;;NARVAPONGERJAS@HOT.EE
75008427;Narva Linnavalitsuse Rahandusamet;Narva linn, Ida-Viru maakond;Peetri plats 5;;;;0;;;RAHANDUS@NARVA.EE
75038078;Narva Sotsiaaltöökeskus;Narva linn, Ida-Viru maakond;Linda 4;0;;;0;0;;SOTSIAALABIAMET@NARVA.EE
75024292;Narva Täiskasvanute Kool;Narva linn, Ida-Viru maakond;Paul Kerese 22;;;;0;;;NARVATK@GMAIL.COM
75005541;Narva-Jõesuu Keskkool;Narva-Jõesuu linn, Ida-Viru maakond;J.Poska 36;;;;0;;;NJKOOL.SEPP@MAIL.EE
75005558;Narva-Jõesuu Koduloomuuseum;Narva-Jõesuu linn, Ida-Viru maakond;Nurme 38;;;;0;;;
75005512;Narva-Jõesuu Kultuurikeskus;Narva-Jõesuu linn, Ida-Viru maakond;Metsa 7;;;;0;;;
75005506;Narva-Jõesuu Laste Muusika- ja Kunstikool;Narva-Jõesuu linn, Ida-Viru maakond;Kesk tn 3;;;;0;;;NJMK@HOT.EE
75005535;Narva-Jõesuu Linnaraamatukogu;Narva-Jõesuu linn, Ida-Viru maakond;Kesk 3;;;;0;;;
75005529;"Narva-Jõesuu lasteaed \Karikakar\""""";Narva-Jõesuu linn, Ida-Viru maakond;Karja 25;;;;0;;;
75024716;Nina Rahvaraamatukogu;Nina küla, Alatskivi vald, Tartu maakond;;;;;0;;;
75010298;Nissi Vallavalitsus;Riisipere alevik, Nissi vald, Harju maakond;Nissi tee 53c;;;;0;;;NISSI@NISSI.EE
75013569;Noarootsi Kool;Pürksi küla, Noarootsi vald, Lääne maakond;maja nr 10;;;;0;;;KOOL@NG.EDU.EE
75013552;Noarootsi Lasteaed;Pürksi küla, Noarootsi vald, Lääne maakond;maja nr 6;;;;0;;;
75014681;Noarootsi Raamatukogu;Pürksi küla, Noarootsi vald, Lääne maakond;maja nr 9;;;;0;;;RK@NOAVV.EE
75013546;Noarootsi Vallavalitsus;Pürksi küla, Noarootsi vald, Lääne maakond;;;;;0;;;VV@NOAVV.EE
75001916;Nursi Raamatukogu;Nursi küla, Rõuge vald, Võru maakond;;;;;0;;;
75008019;Nõgiaru Raamatukogu;Nõgiaru küla, Nõo vald, Tartu maakond;Nõo 4;;;;0;;;
75007988;Nõgiaru lasteaed;Nõgiaru küla, Nõo vald, Tartu maakond;Nõo 10;;;;0;;;NOGIARULASTEAED@HOT.EE
75007965;Nõo Koduloomuuseum;Nõo alevik, Nõo vald, Tartu maakond;Voika 23;;;;0;;;KAI.TOOM@MAIL.EE
75008031;Nõo Kultuurimaja;Nõo alevik, Nõo vald, Tartu maakond;Voika 23;;;;0;;;
75008048;Nõo Muusikakool;Nõo alevik, Nõo vald, Tartu maakond;Järve tn 2;;;;0;;;MUUSIKA@HOT.EE
75008060;Nõo Päevakeskus;Nõo alevik, Nõo vald, Tartu maakond;Tartu 20;;;;0;;;
75008054;Nõo Põhikool;Nõo alevik, Nõo vald, Tartu maakond;Hariduse 3;;;;0;;;KOOLIJUHT@NRG.TARTU.EE
75008083;Nõo Spordihoone;Nõo alevik, Nõo vald, Tartu maakond;Hariduse 3b;;;;0;;;JAAK@NVV.EE
75007942;Nõo Vallavalitsus;Nõo alevik, Nõo vald, Tartu maakond;Voika 23;;;;0;;;VALD@NVV.EE
75007971;Nõo lasteaed Krõll;Nõo alevik, Nõo vald, Tartu maakond;Kivi 6;;;;0;;;MAIRE36@MAIL.EE
75007630;Nõuni Külaraamatukogu;Nõuni küla, Palupera vald, Valga maakond;;;;;0;;;NOUNIRAAMATUKOGU@HOT.EE
75007617;Nõuni Maakultuurimaja;Nõuni küla, Palupera vald, Valga maakond;;;;;0;;;
75023065;Nõva Kool;Nõva küla, Nõva vald, Lääne maakond;Nõva küla;;;;0;;;NOVAKOOL@MAIL.EE
75023059;Nõva Rahvaraamatukogu;Nõva küla, Nõva vald, Lääne maakond;;;;;0;;;
75023036;Nõva Vallavalitsus;Nõva küla, Nõva vald, Lääne maakond;;;;;0;;;NOVAVALD@NOVAVALD.EE
75013405;Obinitsa Lasteaed;Obinitsa küla, Meremäe vald, Võru maakond;;;;;0;;;
75013397;Obinitsa Raamatukogu;Obinitsa küla, Meremäe vald, Võru maakond;;;;;0;;;
75012363;Oiu Raamatukogu;Oiu küla, Kolga-Jaani vald, Viljandi maakond;;;;;0;;;
75027057;Orava Kultuurimaja;Orava küla, Orava vald, Põlva maakond;;;;;0;;;KULTUUR@ORAVA.EE
75027034;Orava Raamatukogu;Orava küla, Orava vald, Põlva maakond;;;;;0;;;ORAV.RAAMAT@MAIL.EE
75022918;Orgita Lasteaed Midrimaa;Orgita küla, Märjamaa vald, Rapla maakond;;;;;0;;;MIDRIMAA@NETI.EE
75020747;Orissaare Kultuurimaja;Orissaare alevik, Orissaare vald, Saare maakond;Kuivastu mnt 37;;;;0;;;
75020730;"Orissaare Lasteaed \Päikesekiir\""""";Orissaare alevik, Orissaare vald, Saare maakond;Kuivastu mnt 34 a;;;;0;;;
75020753;Orissaare Raamatukogu;Orissaare alevik, Orissaare vald, Saare maakond;Kuivastu mnt 37;;;;0;;;ORISSAARE.RAAMATUKOGU@MAIL.EE
75011748;Oru Kool;Linnamäe küla, Lääne-Nigula vald, Lääne maakond;;;;;0;;;KOOL@ORU.EDU.EE
75011607;"Oru Lasteaed \Mesimumm\""""";Oru küla, Kose vald, Harju maakond;;;;;0;;;MESI1MUMM@HOT.EE
75003186;Oskar Lutsu Palamuse Gümnaasium;Palamuse alevik, Palamuse vald, Jõgeva maakond;Kooli 2;;;;0;;;KOOL@PALAM.EDU.EE
75027658;Otepää Kultuurikeskus;Otepää v-linn, Otepää vald, Valga maakond;Virulombi 2;;;;0;;;
75037742;Otepää Lasteaed;Otepää v-linn, Otepää vald, Valga maakond;Pühajärve tee 22;0;;;0;0;;MARJU.ILISTOM@OTEPÄÄ.EE
75027502;Otepää Linnaraamatukogu;Otepää v-linn, Otepää vald, Valga maakond;Lipuväljak 13;;;;0;;;KAIDO.MAGI@OTEPAA.EE
75027672;Otepää Muusikakool;Otepää v-linn, Otepää vald, Valga maakond;Virulombi 15;;;;0;;;
75002494;PAIde Lasteaed;Paide linn, Järva maakond;Kastani 6;;;;0;;;JUHATAJA@PAILASTEAED.EE
75002502;Paide Huvikeskus;Paide linn, Järva maakond;Lai 33;;;;0;;;PAIDE.HUVIKESKUS@PAIDE.EE
75002525;Paide Muusikakool;Paide linn, Järva maakond;Tallinna 8;;;;0;;;PAIDE.MUUSIKAKOOL@PAIDE.EE
75002488;Paide Sookure Lasteaed;Paide linn, Järva maakond;Soo 16;;;;0;;;DIREKTOR@SOOKURE.EDU.EE
75005819;Paide Vallavalitsus;Paide linn, Järva maakond;Pärnu tn 3;;;;0;;;PAIDE@PAIDEVALD.EE
75012570;Pajusi Raamatukogu;Pisisaare küla, Pajusi vald, Jõgeva maakond;Kase põik 7-14;;;;0;;;PAJUSIRAAMAT@HOT.EE
75012558;Pajusi Rahvamaja;Pajusi küla, Pajusi vald, Jõgeva maakond;;;;;0;;;
75014793;Pala Kultuurimaja;Pala küla, Pala vald, Jõgeva maakond;;;;;0;;;MARGIT@PALA.EE
75014801;Pala Raamatukogu;Pala küla, Pala vald, Jõgeva maakond;;;;;0;;;ANU@PALA.EE
75014770;Pala Vallavalitsus;Pala küla, Pala vald, Jõgeva maakond;;;;;0;;;INFO@PALA.EE
75019922;Palade Lasteaed;Palade küla, Pühalepa vald, Hiiu maakond;;;;;0;;;
75020641;Palade Põhikool;Palade küla, Pühalepa vald, Hiiu maakond;;;;;0;;;ULVI@PALADE.EDU.EE
75019885;Palade Rahvaraamatukogu;Palade küla, Pühalepa vald, Hiiu maakond;;;;;0;;;
75003217;Palamuse Raamatukogu;Palamuse alevik, Palamuse vald, Jõgeva maakond;Uus 2;;;;0;;;
75003236;Palamuse Rahvamaja;Palamuse alevik, Palamuse vald, Jõgeva maakond;Köstri allee 1;;;;0;;;RAHVAMAJA@PALAMUSE.EE
75003140;Palamuse Vallavalitsus;Palamuse alevik, Palamuse vald, Jõgeva maakond;Kooli 4;;;;0;;;VALD@PALAMUSE.EE
75003192;Palamuse Vallavara;Palamuse alevik, Palamuse vald, Jõgeva maakond;Kooli 4;;;;0;;;ENN@PALAMUSE.EE
75021155;"Paldiski Lasteaed \Naerulind\""""";Paldiski linn, Harju maakond;Rae 34;;;;0;;;NAERULIND@PALDISKI.EE
75021161;"Paldiski Lasteaed \Sipsik\""""";Paldiski linn, Harju maakond;Rae 48;;;;0;;;SIPSIK@PALDISKI.EE
75021184;Paldiski Linnaraamatukogu;Paldiski linn, Harju maakond;Rae 38;;;;0;;;RAAMATUKOGU@PALDISKI.EE
75021178;Paldiski Muusikakool;Paldiski linn, Harju maakond;Rae 56;;;;0;;;PALDISKIMUUSIKA@HOT.EE
75037765;Paldiski Spordikeskus;Paldiski linn, Harju maakond;Pakri tn 7;0;;;0;0;;PALDISKI@PALDISKI.EE
75011323;Palivere Lasteaed Piibeleht;Palivere alevik, Lääne-Nigula vald, Lääne maakond;Raba 2;;;;0;;;PLASTAED@GMAIL.COM
75007592;Palupera Põhikool;Palupera küla, Palupera vald, Valga maakond;;;;;0;;;SVETLANA@PALUPK.EDU.EE
75007586;Palupera Vallavalitsus;Hellenurme küla, Palupera vald, Valga maakond;;;;;0;;;PALUPERA@PALUPERA.EE
75036234;Panga küla Avatud Noortekeskus;Panga küla, Ridala vald, Lääne maakond;;0;;;0;0;;URVE@RIDALA.EE
75035140;Pangapealse Lasteaed;Muraste küla, Harku vald, Harju maakond;Pangapealse tee 2A;0;;;0;0;;
75021356;Parksepa Keskkool;Parksepa alevik, Võru vald, Võru maakond;Võru tee 4;;;;0;;;INFO@PARKSEPA.WERRO.EE
75021391;Parksepa Lasteaed;Parksepa alevik, Võru vald, Võru maakond;;;;;0;;;
75021422;Parksepa Raamatukogu;Parksepa alevik, Võru vald, Võru maakond;Kanariku 7;;;;0;;;
75021439;Parksepa Rahvamaja;Parksepa alevik, Võru vald, Võru maakond;;;;;0;;;
75035758;Peetri Lasteaed-Põhikool;Peetri küla, Rae vald, Harju maakond;Pargi 6;0;;;0;0;;SEKRETAR@PEETRI.EDU.EE
75013233;Peetri Rahvamaja;Peetri alevik, Kareda vald, Järva maakond;;;;;0;;;
75011010;Peipsiääre Vallavalitsus;Kolkja alevik, Peipsiääre vald, Tartu maakond;;;;;0;;;PVALD@HOT.EE
75022321;Pihtla Raamatukogu;Pihtla küla, Pihtla vald, Saare maakond;;;;;0;;;
75018609;Pihtla Vallavalitsus;Pihtla küla, Pihtla vald, Saare maakond;;;;;0;;;INFO@PIHTLAVV.EE
75004501;Piilsi Raamatukogu;Jõemetsa küla, Lohusuu vald, Ida-Viru maakond;;;;;0;;;
75024165;Piirissaare Raamatukogu;Tooni küla, Piirissaare vald, Tartu maakond;;;;;0;;;
75024159;Piirissaare Vallavalitsus;Tooni küla, Piirissaare vald, Tartu maakond;;;;;0;;;PIIRISSAAR@TARTUMAA.EE
75024171;Piirissaare Velskripunkt;Tooni küla, Piirissaare vald, Tartu maakond;;;;;0;;;
75004659;Pikasilla Rahvamaja;Pikasilla küla, Põdrala vald, Valga maakond;;;;;0;;;
75010766;Pikavere Raamatukogu;Pikavere küla, Raasiku vald, Harju maakond;;;;;0;;;
75022031;Pilistvere Hooldekodu;Kirivere küla, Kõo vald, Viljandi maakond;;;;;0;;;
75021994;Pilistvere Raamatukogu;Pilistvere küla, Kõo vald, Viljandi maakond;;;;;0;;;
75022025;Pilistvere Rahvamaja;Pilistvere küla, Kõo vald, Viljandi maakond;;;;;0;;;
75018561;Pirita Vaba Aja Keskus;Tallinn, Harju maakond;Merivälja tee 3;;;;0;;;PIRITAVAK@PIRITAVAK.EE
70008747;Politsei- ja Piirivalveamet;Tallinn, Harju maakond;Pärnu mnt 139;0;;;0;0;;PPA@POLITSEI.EE
75006463;Polli Hooldekodu;Polli küla, Karksi vald, Viljandi maakond;;;;;0;;;POLLI.HOOLDEKODU@KARKSI.EE
75035269;Polli Külamaja;Polli küla, Karksi vald, Viljandi maakond;;0;;;0;0;;SINAIDA.TAAL@KARKSI.EE
75013316;Pootsi Raamatukogu;Pootsi küla, Tõstamaa vald, Pärnu maakond;;;;;0;;;TOSTAMAA@PARNUMAA.EE
75021712;Prangli Põhikool;Kelnase küla, Viimsi vald, Harju maakond;;;;;0;;;
75021327;Prangli Tervishoiupunkt;Kelnase küla, Viimsi vald, Harju maakond;;;;;0;;;
75021633;"Puhja Lasteaed \Pääsusilm\""""";Puhja alevik, Puhja vald, Tartu maakond;Nooruse 6;;;;0;;;
75021681;Puhja Seltsimaja;Puhja alevik, Puhja vald, Tartu maakond;Viljandi tee 14;;;;0;;;
75021385;"Puiga Lasteaed \Siilike\""""";Puiga küla, Võru vald, Võru maakond;;;;;0;;;
75021362;Puiga Põhikool;Puiga küla, Võru vald, Võru maakond;;;;;0;;;PUIGAAK@WERRO.EE
75021404;Puiga Raamatukogu;Puiga küla, Võru vald, Võru maakond;;;;;0;;;
75021445;Puiga Rahvamaja;Puiga küla, Võru vald, Võru maakond;;;;;0;;;
75002376;Puka Raamatukogu;Puka alevik, Puka vald, Valga maakond;Kooli 6;;;;0;;;ENE.MARKOV@MAIL.EE
75002399;Puka Rahvamaja;Puka alevik, Puka vald, Valga maakond;Kesk 47;;;;0;;;HELGIPUNG@HOT.EE
75023160;Purku Raamatukogu;Purku küla, Raikküla vald, Rapla maakond;;;;;0;;;
75006753;Päevakeskus Tähtvere;Tartu linn, Tartu maakond;Veski 35;;;;0;;;VESKI@SERVER.EE
75018762;Pähkla Hooldekodu;Pähkla küla, Kaarma vald, Saare maakond;;;;;0;;;
75015663;Päinurme Raamatukogu;Päinurme küla, Koigi vald, Järva maakond;;;;;0;;;PAINURME.RAAMATUKOGU@KOIGI.EE
75004719;Pärivere Lasteaed;Are alevik, Are vald, Pärnu maakond;Pärivere 9-9;;;;0;;;
75000101;Pärnu Liblika Lasteaed;Pärnu linn, Pärnu maakond;Liblika 1a;;;;0;;;INFO@LIBLIKA.PARNU.EE
75000319;Pärnu Üœhisgümnaasium;Pärnu linn, Pärnu maakond;Kooli 13;;;;0;;;YHIS@YHIS.PARNU.EE
75019603;Pärsama Kultuurimaja;Pärsama küla, Leisi vald, Saare maakond;;;;;0;;;AINA.TOMSON.001@MAIL.EE
75004623;Põdrala Tervisekeskus;Riidaja küla, Põdrala vald, Valga maakond;;;;;0;;;AIVARUIBU@HOT.EE
75004607;Põdrala Vallavalitsus;Riidaja küla, Põdrala vald, Valga maakond;;;;;0;;;AIVAR@PODRALA.EE
75038894;Põhja-Tallinna Noortekeskus;Tallinn, Harju maakond;Kopli tn 98;0;;;0;0;;
75035826;Põlgaste Pansionaat;Põlgaste küla, Kanepi vald, Põlva maakond;Saia tee 2;0;;;0;0;;MARIKA.DRENKHAN@GMAIL.COM
75035789;Põlgaste lasteaed;Põlgaste küla, Kanepi vald, Põlva maakond;Saia tee 2;0;;;0;0;;POLGASTE@KANEPI.EE
75003068;Põltsamaa Kultuurikeskus;Põltsamaa linn, Jõgeva maakond;Julius Kuperjanovi tn 1;;;;0;;;INFO@KULTUURIKESKUS.EU
75003080;Põltsamaa Lasteaed Tõruke;Põltsamaa linn, Jõgeva maakond;Lembitu tn 1;;;;0;;;TAMMETORUKE@HOT.EE
75003097;Põltsamaa Muusikakool;Põltsamaa linn, Jõgeva maakond;Lossi tn 7;;;;0;;;POLTSAMAAMK@GMAIL.COM
75023496;Põltsamaa Vallavalitsus;Põltsamaa linn, Jõgeva maakond;Viljandi mnt 3;;;;0;;;INFO@KESK.EE
75020397;Põlula Kool;Põlula küla, Rägavere vald, Lääne-Viru maakond;;;;;0;;;POLULAKOOL@HOT.EE
70009741;Põlva Gümnaasium;Põlva vald, Põlva maakond;Piiri tänav 1, Põlva;0;;;0;0;;ALO.SAVI@YAHOO.COM
75009250;Põlva Kunstikool;Põlva vald, Põlva maakond;Kesk 15;;;;0;;;SUURTEETIIB1@GMAIL.COM
70002093;Põlva Maavalitsus;Põlva vald, Põlva maakond;Kesk 20;;;;0;;;INFO@POLVA.MAAVALITSUS.EE
75009208;Põlva Muusikakool;Põlva vald, Põlva maakond;Võru 1;;;;0;;;MUUSIKAKOOL@POLVA.EE
75009237;Põlva Päevakeskus;Põlva vald, Põlva maakond;Uus 2;;;;0;;;NOOK@HOT.EE
75038581;Põlva Vallavalitsus;Põlva vald, Põlva maakond;Kesk tn 15;0;;;0;0;;INFO@POLVA.EE
70000208;Põlvamaa Veterinaarkeskus;Põlva vald, Põlva maakond;Puuri tee 1;;;;0;;;INFO.POLVA@VET.AGRI.EE
75019856;Pühalepa Valla Kultuuri- ja Noortekeskus;Suuremõisa küla, Pühalepa vald, Hiiu maakond;;;;;0;;;
75019841;Pühalepa Vallavalitsus;Tempa küla, Pühalepa vald, Hiiu maakond;;;;;0;;;VALITSUS@PYHALEPA.HIIUMAA.EE
75014675;Pürksi Kultuurimaja;Pürksi küla, Noarootsi vald, Lääne maakond;;;;;0;;;VV@NOAVV.EE
75010772;Raasiku Lasteaed Oravake;Raasiku alevik, Raasiku vald, Harju maakond;Meierei tn 25;;;;0;;;RAASIKULA@HOT.EE
75010714;Raasiku Põhikool;Raasiku alevik, Raasiku vald, Harju maakond;Kooli 1;;;;0;;;RAASIKUKOOL@HOT.EE
75011866;Raasiku Raamatukogu;Raasiku alevik, Raasiku vald, Harju maakond;Tallinna mnt 21;;;;0;;;EHA.PODGORNOVA@MAIL.EE
75027985;Raasiku Rahvamaja;Raasiku alevik, Raasiku vald, Harju maakond;Tallinna mnt 21;;;;0;;;
75010708;Raasiku Vallavalitsus;Aruküla alevik, Raasiku vald, Harju maakond;;;;;0;;;RAASIKU.VALD@RAASIKU.EE
75026135;Rae Hooldekodu;Jüri alevik, Rae vald, Harju maakond;Laste 2;;;;0;;;
75026129;Rae Huvialakool;Jüri alevik, Rae vald, Harju maakond;Laste 3;;;;0;;;
75026158;Rae Kultuurikeskus;Jüri alevik, Rae vald, Harju maakond;Aruküla tee 9;;;;0;;;KAJA@RAE.EE
75026106;Rae Vallavalitsus;Jüri alevik, Rae vald, Harju maakond;Aruküla tee 9;;;;0;;;INFO@RAE.EE
75034258;Rae valla Spordikeskus;Jüri alevik, Rae vald, Harju maakond;Laste 3;0;;;0;0;;SPORDIKESKUS@RAE.EE
70000272;Rahandusministeerium;Tallinn, Harju maakond;Endla 13;;;;0;;;INFO@RAHANDUSMINISTEERIUM.EE
70009244;Rahandusministeeriumi Infotehnoloogiakeskus;Tallinn, Harju maakond;Lõõtsa 8a;0;;;0;0;;INFO@RMIT.EE
70001946;Rahvusarhiiv;Tartu linn, Tartu maakond;J.Liivi 4;;;;0;;;
74000033;"Rahvusooper \Estonia\""""";Tallinn, Harju maakond;Estonia pst 4;0;;;0;0;;INFO@OPERA.EE
75023154;Raikküla Raamatukogu;Raikküla küla, Raikküla vald, Rapla maakond;;;;;0;;;
75023071;Raikküla Vallavalitsus;Tamme küla, Raikküla vald, Rapla maakond;;;;;0;;;RAIKKYLA@ESTPAK.EE
75035335;Raikküla valla avatud noortekeskus;Raikküla küla, Raikküla vald, Rapla maakond;;0;;;0;0;;ANK@RAIKKYLA.EE
75022700;Raja Raamatukogu;Tiheda küla, Kasepää vald, Jõgeva maakond;Tartu mnt 62;;;;0;;;
75010051;Rakke Gümnaasium;Rakke alevik, Rakke vald, Lääne-Viru maakond;Faehlmanni 46;;;;0;;;RAKKEKK@ESTPAK.EE
75010022;Rakke Kultuurikeskus;Rakke alevik, Rakke vald, Lääne-Viru maakond;Simuna tee 10;;;;0;;;
75034442;Rakke Noortekeskus;Rakke alevik, Rakke vald, Lääne-Viru maakond;Faehlmanni 18;0;;;0;0;;TTTAIMI@HOT.EE
75010016;Rakke Valla Kommunaalasutus;Rakke alevik, Rakke vald, Lääne-Viru maakond;Simuna tee 10;;;;0;;;
75010045;"Rakke lasteaed \Leevike\""""";Rakke alevik, Rakke vald, Lääne-Viru maakond;Niidu 2a;;;;0;;;
75035192;Rakke valla raamatukogu;Rakke alevik, Rakke vald, Lääne-Viru maakond;Faehlmanni tn 26;0;;;0;0;;RAKKE.RAAMATUKOGU@MAIL.EE
75025064;Rakvere Linnavalitsus;Rakvere linn, Lääne-Viru maakond;Lai tn 20;;;;0;;;LINNAVALITSUS@RAKVERE.EE
75026566;Rakvere Sotsiaalkeskus;Rakvere linn, Lääne-Viru maakond;E. Vilde 2a;;;;0;;;MAIRI.ETVERK@RAKSOTSABI.EE
75033632;Rakvere Spordikeskus;Rakvere linn, Lääne-Viru maakond;Kastani 12;0;;;0;0;;INFO@RAKVERESPORDIKESKUS.EE
75012096;Rakvere Vallavalitsus;Rakvere linn, Lääne-Viru maakond;Vallikraavi 8;;;;0;;;VALLAVALITSUS@RAKVEREVALD.EE
75021505;Randvere Raamatukogu;Koidu küla, Kaarma vald, Saare maakond;;;;;0;;;
75035772;Rapla Huvikool;Rapla linn, Rapla vald, Rapla maakond;Tallinna mnt 17;0;;;0;0;;AGE.REBEL@RAPLA.EE
75034850;Rasina Lapsehoid;Rasina küla, Mooste vald, Põlva maakond;;0;;;0;0;;
75038523;Raua Saun;Tallinn, Harju maakond;Raua tn 23;0;;;0;0;;KESKLINN@TALLINNLV.EE
75022508;Ridala Põhikool;Panga küla, Ridala vald, Lääne maakond;;;;;0;;;RPK@RIDALA.EDU.EE
75022479;Ridala Vallavalitsus;Uuemõisa alevik, Ridala vald, Lääne maakond;Lossi tn 4;;;;0;;;INFO@RIDALA.EE
75004642;Riidaja Kultuurimaja;Riidaja küla, Põdrala vald, Valga maakond;;;;;0;;;
75004613;Riidaja Põhikool;Riidaja küla, Põdrala vald, Valga maakond;;;;;0;;;RIIDAJA@HOT.EE
75004636;Riidaja Raamatukogu;Riidaja küla, Põdrala vald, Valga maakond;;;;;0;;;
70006317;Riigi Infosüsteemi Amet;Tallinn, Harju maakond;Pärnu maantee 139a;0;;;0;0;;RIA@RIA.EE
74000101;Riigikogu Kantselei;Tallinn, Harju maakond;Lossi plats 1a;0;;;0;0;;RIIGIKOGU@RIIGIKOGU.EE
70003491;Riikliku Lepitaja Kantselei;Tallinn, Harju maakond;Gonsiori 29;;;;0;;;INFO@RIIKLIKLEPITAJA.EE
75010393;Riisipere Raamatukogu;Riisipere alevik, Nissi vald, Harju maakond;Nissi tee 53c;;;;0;;;MAIE.SEPP@NISSI.EE
75004783;Ritsu Lasteaed-Algkool;Linna küla, Helme vald, Valga maakond;;;;;0;;;RITSULAK@HOT.EE
75008887;Roela Rahvaraamatukogu;Roela alevik, Vinni vald, Lääne-Viru maakond;Järve 1;;;;0;;;SILJASILTS@HOT.EE
75008462;Roiu Raamatukogu;Roiu alevik, Haaslava vald, Tartu maakond;Kesktänav 9;;;;0;;;
75004553;"Roosna-Alliku Lasteaed \Hellik\""""";Roosna-Alliku alevik, Roosna-Alliku vald, Järva maakond;Nooruse 3;;;;0;;;
75004530;Roosna-Alliku Põhikool;Roosna-Alliku alevik, Roosna-Alliku vald, Järva maakond;Kooli 1;;;;0;;;RAKOOL@R-ALLIKU.PAIDE.EE
75004599;Roosna-Alliku Rahvamaja;Roosna-Alliku alevik, Roosna-Alliku vald, Järva maakond;Pargi 10;;;;0;;;
75004576;Roosna-Alliku Vallaraamatukogu;Roosna-Alliku alevik, Roosna-Alliku vald, Järva maakond;Pargi 10;;;;0;;;
75011429;Ruila Põhikool;Ruila küla, Kernu vald, Harju maakond;;;;;0;;;
75011441;Ruila Raamatukogu;Ruila küla, Kernu vald, Harju maakond;;;;;0;;;
75013026;Ruusmäe Raamatukogu;Ruusmäe küla, Haanja vald, Võru maakond;;;;;0;;;
75020380;Rägavere Vallavalitsus;Ulvi küla, Rägavere vald, Lääne-Viru maakond;;;;;0;;;RAGAVERE@ESTPAK.EE
75007706;"Rõngu Lasteaed \Pihlakobar\""""";Rõngu alevik, Rõngu vald, Tartu maakond;Nooruse 5;;;;0;;;JUHATAJA@RONGULASTEAED.EDU.EE
75038931;Rõude Raamatukogu;Rõude küla, Martna vald, Lääne maakond;;0;;;0;0;;ROUDE.RAAMATUKOGU@MARTNA.EE
75037860;Rõuge Avatud Noortekeskus;Rõuge vald, Võru maakond;Keskuse 1;0;;;0;0;;RAUGEANK@GMAIL.COM
75001945;Rõuge Hooldekodu;Rõuge alevik, Rõuge vald, Võru maakond;Sänna mnt 4;;;;0;;;
75001951;Rõuge Lasteaed;Rõuge alevik, Rõuge vald, Võru maakond;Pargi 4;;;;0;;;
75001968;Rõuge Põhikool;Rõuge alevik, Rõuge vald, Võru maakond;Haanja mnt 16;;;;0;;;RAUGEPK@WERRO.EE
75001939;Rõuge Raamatukogu;Rõuge alevik, Rõuge vald, Võru maakond;Metsa 2;;;;0;;;
75001891;Rõuge Rahvamaja;Rõuge alevik, Rõuge vald, Võru maakond;Metsa 2;;;;0;;;
75001885;Rõuge Vallavalitsus;Rõuge alevik, Rõuge vald, Võru maakond;Ü–öbikuoru 4;;;;0;;;VALD@RAUGE.EE
75034459;Saadjärve Looduskool;Äksi küla, Tartu vald, Tartu maakond;;0;;;0;0;;ANU.TSIREL@TARTUVV.EE
75033454;Saarde Vallavalitsus;Kilingi-Nõmme v-linn, Saarde vald, Pärnu maakond;Nõmme 22;0;;;0;0;;INFO@SAARDE.EE
75008203;Saare Raamatukogu;Kääpa küla, Saare vald, Jõgeva maakond;;;;;0;;;SAARERAKO@SAAREVV.EE
75008226;Saare Rahvamaja;Kääpa küla, Saare vald, Jõgeva maakond;;;;;0;;;INFO@KALEVIPOJAKODA.EE
75027844;Saare Vallavara;Kääpa küla, Saare vald, Jõgeva maakond;;;;;0;;;AARE@SAAREVV.EE
70000148;Saaremaa Veterinaarkeskus;Kuressaare linn, Saare maakond;Kohtu 10;;;;0;;;INFO.SAARE@VET.AGRI.EE
75026307;Saarepeedi Raamatukogu;Saarepeedi küla, Viljandi vald, Viljandi maakond;;;;;0;;;SAAREPEEDI.RAAMATUKOGU@VILJANDIVALD.EE
75025822;Saatse Raamatukogu;Saatse küla, Värska vald, Põlva maakond;;;;;0;;;
75023674;Sadala Põhikool;Sadala alevik, Torma vald, Jõgeva maakond;Kooli 8;;;;0;;;SADALAPK@SADALAPK.
75023740;Sadala Raamatukogu;Sadala alevik, Torma vald, Jõgeva maakond;Sillasoo 4;;;;0;;;
75023705;Sadala Rahvamaja;Sadala alevik, Torma vald, Jõgeva maakond;Sillasoo 4;;;;0;;;
75004046;Saka Raamatukogu;Saka küla, Kohtla vald, Ida-Viru maakond;;;;;0;;;
75020701;Sakla Raamatukogu;Sakla küla, Valjala vald, Saare maakond;;;;;0;;;
75022373;Sandla Kultuurimaja;Sandla küla, Pihtla vald, Saare maakond;;;;;0;;;
75022309;Sandla Raamatukogu;Sandla küla, Pihtla vald, Saare maakond;;;;;0;;;
75015752;Sangaste Vallavalitsus;Sangaste alevik, Sangaste vald, Valga maakond;;;;;0;;;SANGASTE@SANGASTEVV.EE
75014600;Saue Linna Raamatukogu;Saue linn, Harju maakond;Kütise 5;;;;0;;;
75014592;Saue Muusikakool;Saue linn, Harju maakond;Nurmesalu 9;;;;0;;;ANDRES@SAUE.EE
75009421;Saue Noortekeskus;Saue linn, Harju maakond;Koondise tn 20;;;;0;;;NOORTEKESKUS@SAUE.EE
75012469;Saue Valla Kultuurikeskus;Laagri alevik, Saue vald, Harju maakond;Veskitammi 8;;;;0;;;INFO@SAUEVALD.EE
75012400;Saue Vallaraamatukogu;Laagri alevik, Saue vald, Harju maakond;Veskitammi 8;;;;0;;;URVE@SAUEVALD.EE
75012392;Saue Vallavalitsus;Laagri alevik, Saue vald, Harju maakond;Veskitammi 4;;;;0;;;INFO@SAUEVALD.EE
75009668;Sauga Põhikool;Nurme küla, Sauga vald, Pärnu maakond;;;;;0;;;INFO@SAUGAKOOL.EE
75009639;Sauga Raamatukogu;Sauga alevik, Sauga vald, Pärnu maakond;Põõsalinnu tn 2;;;;0;;;SAUGA@PKR.EE
75000532;Saulepi Rahvaraamatukogu;Kulli küla, Varbla vald, Pärnu maakond;;;;;0;;;
75011091;Saverna Hooldekodu;Saverna küla, Valgjärve vald, Põlva maakond;;;;;0;;;
75011139;Saverna Lasteaed;Saverna küla, Valgjärve vald, Põlva maakond;;;;;0;;;
75011122;Saverna Põhikool;Saverna küla, Valgjärve vald, Põlva maakond;;;;;0;;;SULEV@POLVAMAA.EDU.EE
75011151;Saverna Rahvaraamatukogu;Saverna küla, Valgjärve vald, Põlva maakond;;;;;0;;;
75011180;Sillamäe Astangu Kool;Sillamäe linn, Ida-Viru maakond;Viru pst 26;;;;0;;;SILASTKOOL@HOT.EE
75012038;Sillamäe Kannuka Kool;Sillamäe linn, Ida-Viru maakond;Geoloogia 13;;;;0;;;KANNUKAKOOL@HOT.EE
75012015;Sillamäe Lasteaed Helepunased Purjed;Sillamäe linn, Ida-Viru maakond;Geoloogia 18;;;;0;;;SILPURJED@HOT.EE
75013463;Sillamäe Lasteaed Jaaniussike;Sillamäe linn, Ida-Viru maakond;Gagarini 7a;;;;0;;;JAANIUSSIKE2003@HOT.EE
75012021;Sillamäe Lasteaed Päikseke;Sillamäe linn, Ida-Viru maakond;Gagarini 25;;;;0;;;PAIKSEKE2000@HOT.EE
75012050;Sillamäe Lasteaed Rukkilill;Sillamäe linn, Ida-Viru maakond;Majakovski 8;;;;0;;;SILRUKKILILL@HOT.EE
75003909;Sillamäe Linnavalitsus;Sillamäe linn, Ida-Viru maakond;Kesk 27;;;;0;;;LINNAVALITSUS@SILLAMAE.EE
75012044;Sillamäe Vanalinna Kool;Sillamäe linn, Ida-Viru maakond;Tskalovi 6a;;;;0;;;SVLK@SVLK.EDU.EE
75033721;Sillaotsa Spordihoone;Päkste küla, Haaslava vald, Tartu maakond;;0;;;0;0;;SPORDIHOONE@SILLAOTSA.EDU.EE
75022864;Sillaotsa Talumuuseum;Veski küla, Märjamaa vald, Rapla maakond;;;;;0;;;
75012771;Simuna Kool;Simuna alevik, Väike-Maarja vald, Lääne-Viru maakond;Lai 11;;;;0;;;
75027689;Simuna Spordihoone;Simuna alevik, Väike-Maarja vald, Lääne-Viru maakond;Lai 11;;;;0;;;
75032236;Sindi Avatud Noortekeskus;Sindi linn, Pärnu maakond;Pärnu mnt 12;0;;;0;0;;HELLE46@HOT.EE
75004978;Sindi Gümnaasium;Sindi linn, Pärnu maakond;Kooli 9;;;;0;;;HEIDI@SINDI.PARNU.EE
75004990;Sindi Kommunaal;Sindi linn, Pärnu maakond;Pärnu mnt 12;;;;0;;;
75004955;Sindi Lasteaed;Sindi linn, Pärnu maakond;Kooli 2a;;;;0;;;
75005009;Sindi Linnaraamatukogu;Sindi linn, Pärnu maakond;Pärnu mnt 44;;;;0;;;SINDIRK@PARNUMAA.EE
75004932;Sindi Linnavalitsus;Sindi linn, Pärnu maakond;Pärnu mnt 12;;;;0;;;SINDI@SINDI.EE
75004949;Sindi Muuseum;Sindi linn, Pärnu maakond;Pärnu mnt 26a;;;;0;;;
75005015;Sindi Seltsimaja;Sindi linn, Pärnu maakond;Pärnu mnt 44;;;;0;;;
75005021;Sindi Sotsiaaltöökeskus;Sindi linn, Pärnu maakond;Paide mnt 3;;;;0;;;
70008440;Siseministeeriumi infotehnoloogia- ja arenduskeskus;Tallinn, Harju maakond;Mäealuse 2;0;;;0;0;;SMIT@SMIT.EE
70009155;Soolise võrdõiguslikkuse ja võrdse kohtlemise  voliniku kantselei;Tallinn, Harju maakond;Gonsiori 29;0;;;0;0;;INFO@SVV.EE
75002287;Sooru Lasteaed;Sooru küla, Tõlliste vald, Valga maakond;Kesk 29;;;;0;;;
75002301;Sooru Raamatukogu;Sooru küla, Tõlliste vald, Valga maakond;Kesk 7;;;;0;;;
75002293;Sooru Rahvamaja;Sooru küla, Tõlliste vald, Valga maakond;Kesk 7;;;;0;;;
75004702;Suigu Raamatukogu;Suigu küla, Are vald, Pärnu maakond;;;;;0;;;
75012239;Suislepa Lasteaed-Algkool;Suislepa küla, Tarvastu vald, Viljandi maakond;;;;;0;;;
75012669;Suislepa Rahvamaja;Suislepa küla, Tarvastu vald, Viljandi maakond;;;;;0;;;
75000621;Surju Raamatukogu;Surju küla, Surju vald, Pärnu maakond;;;;;0;;;SURJU@PKR.EE
75000615;Surju Rahvamaja;Surju küla, Surju vald, Pärnu maakond;;;;;0;;;
75028134;"Sutlema Lasteaed \Linnupesa\""""";Sutlema küla, Kohila vald, Rapla maakond;;0;;;0;0;;
75014698;Sutlepa Raamatukogu;Sutlepa küla, Noarootsi vald, Lääne maakond;;;;;0;;;
75028223;Suure Munamäe Vaatetorn;Haanja küla, Haanja vald, Võru maakond;;0;;;0;0;;VALD@HAANJAVV.WERRO.EE
75019879;Suuremõisa Rahvaraamatukogu;Suuremõisa küla, Pühalepa vald, Hiiu maakond;;;;;0;;;SRAAMAT@PYHALEPA.EE
75001900;Sänna Raamatukogu;Sänna küla, Rõuge vald, Võru maakond;;;;;0;;;
75012506;Sõmeru Raamatukogu;Sõmeru alevik, Sõmeru vald, Lääne-Viru maakond;Aia 1;;;;0;;;
75035393;Sõru muuseum;Pärna küla, Emmaste vald, Hiiu maakond;;0;;;0;0;;
75015350;Sürgavere Spordihoone;Sürgavere küla, Suure-Jaani vald, Viljandi maakond;;;;;0;;;
75004814;Taagepera Raamatukogu;Taagepera küla, Helme vald, Valga maakond;;;;;0;;;
75014178;Tabasalu Muusikakool;Tabasalu alevik, Harku vald, Harju maakond;Kooli 1;;;;0;;;KALEV.K@ONLINE.EE
75014215;Tabasalu Raamatukogu;Tabasalu alevik, Harku vald, Harju maakond;Teenuste 2;;;;0;;;TABASALURAAMAT@HOT.EE
75031923;Tabasalu Teelahkme Lasteaed;Tabasalu alevik, Harku vald, Harju maakond;Hämariku tee 1/5;0;;;0;0;;TEELAHKME.LASTEAED@MAIL.EE
75034927;Tabivere Lasteaed;Tabivere alevik, Tabivere vald, Jõgeva maakond;Tuuliku 11;0;;;0;0;;
75002146;Tabivere Raamatukogu;Tabivere alevik, Tabivere vald, Jõgeva maakond;Tuuliku 11;;;;0;;;RAAMATUKOGU@TABIVERE.EE
75002123;Tabivere Rahvamaja;Tabivere alevik, Tabivere vald, Jõgeva maakond;;;;;0;;;RAHVAMAJA@TABIVERE.EE
75002175;Tabivere Vallamuuseum;Tabivere alevik, Tabivere vald, Jõgeva maakond;Pargi 1;;;;0;;;ANDU@TAIBU.COM
75002092;Tabivere Vallavara;Tabivere alevik, Tabivere vald, Jõgeva maakond;Tuuliku 11;;;;0;;;MERLI@TABIVERE.EE
75011317;Taebla Lasteaed;Taebla alevik, Lääne-Nigula vald, Lääne maakond;Lasteaia tn 11;;;;0;;;INFO@TAEBLALASTEAED.EE
75020782;Tagavere Raamatukogu;Tagavere küla, Orissaare vald, Saare maakond;;;;;0;;;
75002324;Tagula Raamatukogu;Tagula küla, Tõlliste vald, Valga maakond;Sangaste tee 3;;;;0;;;
75023384;Tahkuranna Lasteaed-Algkool;Võiste alevik, Tahkuranna vald, Pärnu maakond;;;;;0;;;
75023378;Tahkuranna Vallavalitsus;Uulu küla, Tahkuranna vald, Pärnu maakond;;;;;0;;;TAHKURANNA@TAHKURANNA.EE
75000756;Tali Raamatukogu;Tali küla, Saarde vald, Pärnu maakond;Pärna tee 5;;;;0;;;TALI@PKR.EE
75000762;Tali Seltsimaja;Tali küla, Saarde vald, Pärnu maakond;Pärna tee 5;;;;0;;;
75023817;Tallinna Ettevõtlusamet;Tallinn, Harju maakond;Vabaduse väljak 7;;;;0;;;ETTEVOTLUS@TALLINNLV.EE
75016088;Tallinna Filharmoonia;Tallinn, Harju maakond;Pikk 26;;;;0;;;FILA@FILHARMOONIA.EE
75018934;Tallinna Kadaka Lasteaed;Tallinn, Harju maakond;Akadeemia tee 66;;;;0;;;KADAKA@LA.TLN.EDU.EE
75014971;Tallinna Kultuuriamet;Tallinn, Harju maakond;Vabaduse väljak 10a;;;;0;;;KULTUUR@TALLINNLV.EE
75019069;Tallinna Liivaku Lasteaed;Tallinn, Harju maakond;J.Sütiste tee 56;;;;0;;;LIIVAKU@LA.TLN.EDU.EE
75023757;Tallinna Linnavaraamet;Tallinn, Harju maakond;Vabaduse väljak 10;;;;0;;;LINNAVARAAMET@TALLINNLV.EE
75016912;Tallinna Mahtra Põhikool;Tallinn, Harju maakond;Mahtra 60;;;;0;;;MAHTRA@MAHTRA.EDU.EE
70003460;Tallinna Majanduskool;Tallinn, Harju maakond;Tammsaare tee 147;;;;0;;;INFO@TMK.EDU.EE
75016823;Tallinna Merekalda Kool;Tallinn, Harju maakond;Läänemere tee 31;;;;0;;;MEREKALDA@MEREKALDA.EDU.EE
75018288;Tallinna Mürakaru Lasteaed;Tallinn, Harju maakond;V. Reimani tn 3;;;;0;;;DIREKTOR@MYRAKARU.EDU.EE
75018319;Tallinna Päikesejänku Lasteaed;Tallinn, Harju maakond;Invaliidi tn 5;;;;0;;;PAIKESEJANKU@JANKU.EDU.EE
74000435;Tallinna Tehnikaülikooli Geoloogia Instituut;Tallinn, Harju maakond;Ehitajate tee 5;0;;;0;0;;GI@TTU.EE
74002635;Tallinna Tehnikaülikooli Muuseum;Tallinn, Harju maakond;Akadeemia tee 1;0;;;0;0;;MUUSEUM@TTU.EE
74002428;Tallinna Tehnikaülikooli Raamatukogu;Tallinn, Harju maakond;Akadeemia tee 1/Ehitajate tee 7;0;;;0;0;;INFO@LIB.TTU.EE
74002121;Tallinna Tehnikaülikooli Tehnomeedikum;Tallinn, Harju maakond;Ehitajate tee 5;0;;;0;0;;VIIA@CB.TTU.EE
75035619;Tallinna Turud;Tallinn, Harju maakond;A.H.Tammsaare tee 135;0;;;0;0;;TALLINNATURUD@TALLINNATURUD.EE
75017254;Tallinna Üœlemiste Lasteaed;Tallinn, Harju maakond;Peterburi mnt 18;;;;0;;;YLEMISTE@LA.TLN.EDU.EE
74000122;Tallinna Üœlikool;Tallinn, Harju maakond;Narva mnt 25;0;;;0;0;;TLU@TLU.EE
75022551;Tammiku Avahooldekeskus;Tammiku küla, Rakke vald, Lääne-Viru maakond;;;;;0;;;
75010690;Tammistu Raamatukogu;Tammistu küla, Tartu vald, Tartu maakond;;;;;0;;;
75018868;Tamsalu Kommunaal;Tamsalu v-linn, Tamsalu vald, Lääne-Viru maakond;Kesk 1;;;;0;;;
75026997;Tamsalu Kultuurimaja;Tamsalu v-linn, Tamsalu vald, Lääne-Viru maakond;Sõpruse 3;;;;0;;;TAMSALUK@ESTPAK.EE
75026974;Tamsalu Raamatukogu;Tamsalu v-linn, Tamsalu vald, Lääne-Viru maakond;Sõpruse 3;;;;0;;;TAMSRK@HOT.EE
75034353;Tamsalu Spordikompleks;Tamsalu v-linn, Tamsalu vald, Lääne-Viru maakond;Tehnika 2a;0;;;0;0;;TAMSALUSK@HOT.EE
75019537;Tapa Hooldekodu;Tapa v-linn, Tapa vald, Lääne-Viru maakond;Kesk 9;;;;0;;;
75019543;Tapa Kultuurikoda;Tapa v-linn, Tapa vald, Lääne-Viru maakond;Turu 8;;;;0;;;TAPAKODA@ESTPAK.EE
75019508;Tapa Linnaraamatukogu;Tapa v-linn, Tapa vald, Lääne-Viru maakond;Kooli 6;;;;0;;;INFO@TAPA.LIB.EE
75019514;Tapa Muuseum;Tapa v-linn, Tapa vald, Lääne-Viru maakond;1. Mai pst 34;;;;0;;;TAPA@TAPAMUUSEUM.EE
75027761;Tapa Spordikeskus;Tapa v-linn, Tapa vald, Lääne-Viru maakond;Pargi 12;;;;0;;;RIHO.LOOPER@TAPA.EE
75033477;Tapa Vallavalitsus;Tapa v-linn, Tapa vald, Lääne-Viru maakond;Pikk 15;0;;;0;0;;VALLAVALITSUS@TAPA.EE
75012587;Tapiku Raamatukogu;Tapiku küla, Pajusi vald, Jõgeva maakond;;;;;0;;;TAPIKURAAMATUKOGU@HOT.EE
75006948;Tartu Descartes'i Kool;Tartu linn, Tartu maakond;Anne 65;;;;0;;;KOOL@TDL.EE
75006871;Tartu Forseliuse Kool;Tartu linn, Tartu maakond;Tähe tn 103;;;;0;;;KOOL@TFK.TARTU.EE
75006919;Tartu Hansa Kool;Tartu linn, Tartu maakond;Anne 63;;;;0;;;KOMMERTS@KMG.TARTU.EE
75006730;Tartu Hooldekodu;Tartu linn, Tartu maakond;Liiva 32;;;;0;;;HOOLDEKODU@RAAD.TARTU.EE
75006575;Tartu I Muusikakool;Tartu linn, Tartu maakond;Tähe 5;;;;0;;;TMK@TMK.TARTU.EE
75006954;Tartu Kivilinna Kool;Tartu linn, Tartu maakond;Kaunase pst 71;;;;0;;;KOOL@KIVILINN.TARTU.EE
70004366;Tartu Kunstimuuseum;Tartu linn, Tartu maakond;Vallikraavi 14;;;;0;;;TARTMUS@TARTMUS.EE
75006701;Tartu Laste Turvakodu;Tartu linn, Tartu maakond;Tiigi 55;;;;0;;;TURVAKODU@TARTU.EE
75034896;Tartu Lasteaed Lotte;Tartu linn, Tartu maakond;Ida 8;0;;;0;0;;VIIVE.VELLEMAA@RAAD.TARTU.EE
75007155;Tartu Lasteaed Naerumaa;Tartu linn, Tartu maakond;Tiigi 25;;;;0;;;AILI.MICHELSON@RAAD.TARTU.EE
75007161;Tartu Lasteaed Sirel;Tartu linn, Tartu maakond;Lubja 14;;;;0;;;LASTEAED.SIREL@RAAD.TARTU.EE
75006546;Tartu Linnavalitsus;Tartu linn, Tartu maakond;Raekoda;;;;0;;;LV@RAAD.TARTU.EE
75006552;Tartu Linnavolikogu kantselei;Tartu linn, Tartu maakond;Raekoda;;;;0;;;VOLIKOGU@RAAD.TARTU.EE
75006629;Tartu Mänguasjamuuseum;Tartu linn, Tartu maakond;Lutsu 4;;;;0;;;MUUSEUM@MM.EE
75006569;Tartu Oskar Lutsu nimeline Linnaraamatukogu;Tartu linn, Tartu maakond;Kompanii 3/5;;;;0;;;OSKAR@LUTS.EE
75033537;Tartu Valla Spordikool;Lähte alevik, Tartu vald, Tartu maakond;;0;;;0;0;;REIN@TARTUVV.EE
75006486;Tartu Vallavalitsus;Kõrveküla alevik, Tartu vald, Tartu maakond;;;;;0;;;TARTUVV@TARTUVV.EE
75006799;"Tartu linna asutus \Kalmistu\""""";Tartu linn, Tartu maakond;Kalmistu 22;;;;0;;;KALMISTU@RAAD.TARTU.EE
75006766;Tartu linna asutus Varjupaik;Tartu linn, Tartu maakond;Lubja 7;;;;0;;;
75012305;Tartu valla muusikakool;Kõrveküla alevik, Tartu vald, Tartu maakond;;;;;0;;;TARTUVV@TARTUVV.EE
75035536;Tarvastu Avatud Noortekeskus;Mustla alevik, Tarvastu vald, Viljandi maakond;Posti 52E;0;;;0;0;;NOORTEKESKUS@TARVASTU.EE
75012618;Tarvastu Gümnaasium;Mustla alevik, Tarvastu vald, Viljandi maakond;Kevade 1;;;;0;;;
75034028;Tarvastu Muuseum;Mustla alevik, Tarvastu vald, Viljandi maakond;Posti 52b;0;;;0;0;;
75012200;Tarvastu Muusika- ja Kunstikool;Mustla alevik, Tarvastu vald, Viljandi maakond;Kevade 1;;;;0;;;
75012191;Tarvastu Vallavalitsus;Mustla alevik, Tarvastu vald, Viljandi maakond;Posti tn 52e;;;;0;;;TARVASTU@TARVASTU.EE
75006658;Tiigi Seltsimaja;Tartu linn, Tartu maakond;Tiigi 11;;;;0;;;
75009533;Tilsi Lasteaed;Tilsi küla, Laheda vald, Põlva maakond;;;;;0;;;TILSILASTEAED@HOT.EE
75009480;Tilsi Põhikool;Tilsi küla, Laheda vald, Põlva maakond;;;;;0;;;AIVO@TILSIKOOL.EDU.EE
75009527;Tilsi Raamatukogu;Tilsi küla, Laheda vald, Põlva maakond;;;;;0;;;TILSIRAAMAT@HOT.EE
75001514;Toila Gümnaasium;Pühajõe küla, Toila vald, Ida-Viru maakond;Lossiplatsi 3;;;;0;;;KOOL@TOILA.EDU.EE
75001543;Toila Rahvaraamatukogu;Toila alevik, Toila vald, Ida-Viru maakond;Pikk 13a;;;;0;;;LEA.RAND@MAIL.EE
75027778;Torgu Raamatukogu;Iide küla, Torgu vald, Saare maakond;;;;;0;;;
75024840;Torgu Vallavalitsus;Iide küla, Torgu vald, Saare maakond;;;;;0;;;TORGU@TORGU.EE
75015580;Tori Lasteaed;Tori alevik, Tori vald, Pärnu maakond;Pärnu mnt 21;;;;0;;;
75015611;Tori Muuseum;Tori alevik, Tori vald, Pärnu maakond;;;;;0;;;
75015634;Tori Põhikool;Tori alevik, Tori vald, Pärnu maakond;;;;;0;;;TORIPK@PARNU.EE
75015597;Tori Raamatukogu;Tori alevik, Tori vald, Pärnu maakond;;;;;0;;;
75015700;Tori Rahvamaja;Tori alevik, Tori vald, Pärnu maakond;;;;;0;;;
75035631;Tori Sotsiaalmaja;Tori alevik, Tori vald, Pärnu maakond;Võlli tee 4;0;;;0;0;;TORI@TORIVALD.EE
75011760;Tori Vallavalitsus;Tori alevik, Tori vald, Pärnu maakond;;;;;0;;;TORI@TORIVALD.EE
75023728;Torma Raamatukogu;Torma alevik, Torma vald, Jõgeva maakond;Kooli tee 16;;;;0;;;
75023697;Torma Rahvamaja;Torma alevik, Torma vald, Jõgeva maakond;Kooli tee 21;;;;0;;;
75023645;Torma Vallavalitsus;Torma alevik, Torma vald, Jõgeva maakond;Kooli tee 25;;;;0;;;INFO@TORMA.EE
75039037;Torma valla Avatud Noortekeskus;Sadala alevik, Torma vald, Jõgeva maakond;Suur 10;0;;;0;0;;GEA@TORMA.EE
75000880;Treimani Rahvamaja;Treimani küla, Häädemeeste vald, Pärnu maakond;;;;;0;;;TREIMANIRM@HOT.EE
75019721;Triigi sadam;Triigi küla, Leisi vald, Saare maakond;;;;;0;;;
75002235;Tsirguliina Keskkool;Tsirguliina alevik, Tõlliste vald, Valga maakond;Nooruse 1;;;;0;;;
75002258;Tsirguliina Raamatukogu;Tsirguliina alevik, Tõlliste vald, Valga maakond;Nooruse 1;;;;0;;;
75002264;Tsirguliina Rahvamaja;Tsirguliina alevik, Tõlliste vald, Valga maakond;Tehase 2;;;;0;;;
75002241;"Tsirguliina lasteaed \Ü•nnelind\""""";Tsirguliina alevik, Tõlliste vald, Valga maakond;Nooruse 1;;;;0;;;
75022284;Tsooru Rahvamaja;Tsooru küla, Antsla vald, Võru maakond;;;;;0;;;
75024900;Tudu Osavalla Valitsus;Tudu alevik, Vinni vald, Lääne-Viru maakond;Staadioni 3;;;;0;;;TUDU@VINNIVALD.EE
75008893;Tudu Rahvaraamatukogu;Tudu alevik, Vinni vald, Lääne-Viru maakond;Staadioni 13;;;;0;;;KASTEMAE@HOT.EE
75004240;Tudulinna Raamatukogu;Tudulinna alevik, Tudulinna vald, Ida-Viru maakond;Pargi 2;;;;0;;;
75035275;Tuhalaane Külamaja;Tuhalaane küla, Karksi vald, Viljandi maakond;;0;;;0;0;;TUHALAANE@KARKSI.EE
75010387;Turba Lasteaed;Turba alevik, Nissi vald, Harju maakond;Tööstuse 29;;;;0;;;TURLAS@HOT.EE
75013304;Tõhela Raamatukogu;Tõhela küla, Tõstamaa vald, Pärnu maakond;;;;;0;;;TOSTAMAA@PARNUMAA.EE
75002229;Tõlliste Vallavalitsus;Laatre alevik, Tõlliste vald, Valga maakond;Kesk 6;;;;0;;;VALD@TOLLISTE.EE
75007959;Tõravere lasteaed Tõruke;Tõravere alevik, Nõo vald, Tartu maakond;;;;;0;;;LASTEAEDTORUKE@HOT.EE
75005759;Tõrva Gümnaasium;Tõrva linn, Valga maakond;Puiestee 1;;;;0;;;
75005707;Tõrva Kultuurimaja;Tõrva linn, Valga maakond;Männiku 5;;;;0;;;KULTUURIMAJA@TORVA.EE
75005771;Tõrva Lasteaed Mõmmik;Tõrva linn, Valga maakond;Valga 58a;;;;0;;;MOMMIK@TORVA.EE
75005802;Tõrva Lasteaed Tõrvalill;Tõrva linn, Valga maakond;Tartu 3;;;;0;;;TORVALILL@TORVA.EE
75005742;Tõrva Lasteraamatukogu;Tõrva linn, Valga maakond;Valga 58a;;;;0;;;LASTERAAMATUKOGU@TORVA.EE
75014126;Tõrva Linna Sotsiaalabiamet;Tõrva linn, Valga maakond;Tartu 1;;;;0;;;VIIU@TORVA.EE
75005736;Tõrva Linnaraamatukogu;Tõrva linn, Valga maakond;Männiku 5;;;;0;;;LINNARAAMATUKOGU@TORVA.EE
75005699;Tõrva Linnavalitsus;Tõrva linn, Valga maakond;Kevade 1;;;;0;;;TORVA@TORVA.EE
75005788;Tõrva Muusikakool;Tõrva linn, Valga maakond;Puiestee 1;;;;0;;;
75013262;Tõstamaa Hooldekodu;Tõstamaa alevik, Tõstamaa vald, Pärnu maakond;Varbla mnt 50;;;;0;;;TOSTAMAA@PARNUMAA.EE
75013339;Tõstamaa Keskkool;Tõstamaa alevik, Tõstamaa vald, Pärnu maakond;Kalli mnt 13;;;;0;;;TOSTAMAA@PARNUMAA.EE
75013322;Tõstamaa Lasteaed;Tõstamaa alevik, Tõstamaa vald, Pärnu maakond;Varbla mnt 24;;;;0;;;TOSTAMAA@PARNUMAA.EE
75013291;Tõstamaa Raamatukogu;Tõstamaa alevik, Tõstamaa vald, Pärnu maakond;Varbla mnt 24;;;;0;;;TOSTAMAA@PARNUMAA.EE
75013285;Tõstamaa Rahvamaja;Tõstamaa alevik, Tõstamaa vald, Pärnu maakond;Varbla mnt 3;;;;0;;;TOSTAMAA@PARNUMAA.EE
75013256;Tõstamaa Vallavalitsus;Tõstamaa alevik, Tõstamaa vald, Pärnu maakond;Sadama tee 2;;;;0;;;VALD@TOSTAMAA.EE
75006374;Türi Päevakeskus;Türi v-linn, Türi vald, Järva maakond;Vabriku pst 6;;;;0;;;PAEVAKESKUS@TYRI.EE
75037378;Türi Põhikool;Türi v-linn, Türi vald, Järva maakond;F.J.Wiedemanni 3a;0;;;0;0;;TYRIPK@TYRI.EE
75006291;Türi Toimetulekukool;Türi v-linn, Türi vald, Järva maakond;Vabriku pst 12;;;;0;;;TOIMETULEKUKOOL@TYRI.EE
75027258;Ubja Päevakeskus;Ubja küla, Sõmeru vald, Lääne-Viru maakond;;;;;0;;;
75012512;Uhtna Raamatukogu;Uhtna küla, Sõmeru vald, Lääne-Viru maakond;;;;;0;;;
75022396;Ulila Keskus;Ulila alevik, Puhja vald, Tartu maakond;Pargi 1;;;;0;;;
75020434;Ulvi Hooldekodu;Ulvi küla, Rägavere vald, Lääne-Viru maakond;;;;;0;;;
75035051;Ulvi Klubi;Ulvi küla, Rägavere vald, Lääne-Viru maakond;;0;;;0;0;;ULVIKLUBI@HOT.EE
75020428;Ulvi Raamatukogu;Ulvi küla, Rägavere vald, Lääne-Viru maakond;;;;;0;;;
75015516;Urvaste Raamatukogu;Urvaste küla, Urvaste vald, Võru maakond;;;;;0;;;
75015462;Uue-Antsla Rahvamaja;Uue-Antsla küla, Urvaste vald, Võru maakond;Uue-Antsla küla;;;;0;;;
75035571;Uulu Kultuuri- ja Spordikeskus;Uulu küla, Tahkuranna vald, Pärnu maakond;;0;;;0;0;;ANU@TAHKURANNA.EE
75035565;Uulu Lasteaed;Uulu küla, Tahkuranna vald, Pärnu maakond;;0;;;0;0;;UULU.LA@TAHKURANNA.EE
75023438;Uulu Põhikool;Uulu küla, Tahkuranna vald, Pärnu maakond;;;;;0;;;
75023409;Uulu Raamatukogu;Uulu küla, Tahkuranna vald, Pärnu maakond;;;;;0;;;
75023415;Uulu Rahvamaja;Uulu küla, Tahkuranna vald, Pärnu maakond;;;;;0;;;
75025271;"Uusna Lasteaed \Tõruke\""""";Uusna küla, Viljandi vald, Viljandi maakond;Uusna 310-2/7;;;;0;;;
75015501;Vaabina Raamatukogu;Vaabina küla, Urvaste vald, Võru maakond;;;;;0;;;
70008256;Vabariigi Valimiskomisjon;Tallinn, Harju maakond;Lossi plats 1a;0;;;0;0;;VAL@RIIGIKOGU.EE
75025450;Vahastu Raamatukogu;Vahastu küla, Kaiu vald, Rapla maakond;;;;;0;;;
75025360;Vahastu Rahvamaja;Vahastu küla, Kaiu vald, Rapla maakond;;;;;0;;;
75023711;Vaiatu Rahvamaja;Vaiatu küla, Torma vald, Jõgeva maakond;;;;;0;;;
75026187;Vaida Põhikool;Vaida alevik, Rae vald, Harju maakond;Vana-Tartu mnt 29;;;;0;;;KOOL@VAIDA.EDU.EE
75026141;Vaida Raamatukogu;Vaida alevik, Rae vald, Harju maakond;Vana-Tartu mnt 25;;;;0;;;VAIDA.RMK@RAE.EE
75009705;Vajangu Rahvaraamatukogu;Vajangu küla, Tamsalu vald, Lääne-Viru maakond;;;;;0;;;VAJANGURK@HOT.EE
75005067;Valga Gümnaasium;Valga linn, Valga maakond;J. Kuperjanovi tn 10;;;;0;;;KOOL@VALGAGYM.EE
75025101;Valga Kaugõppegümnaasium;Valga linn, Valga maakond;Uus 35;;;;0;;;KOOL@VKOG.EDU.EE
75004748;Valga Linnavalitsus;Valga linn, Valga maakond;Puiestee 8;;;;0;;;VALGALV@VALGALV.EE
75000940;Valga Linnavolikogu Kantselei;Valga linn, Valga maakond;Kesk 11;;;;0;;;VALGAVOL@HOT.EE
75038960;Valga Muuseum;Valga linn, Valga maakond;Vabaduse tn 8;0;;;0;0;;MUUSEUM@VALGAMUUSEUM.EE
75005073;Valga Priimetsa Kool;Valga linn, Valga maakond;J.Kuperjanovi 99;;;;0;;;POST@VPMK.EDU.EE
75005140;Valga Saun;Valga linn, Valga maakond;Aia 19;;;;0;;;
75035358;Valgehobusemäe Suusa- ja Puhkekeskus;Mägede küla, Albu vald, Järva maakond;;0;;;0;0;;INFO@VALGEHOBUSE.EE
75011145;Valgjärve Rahvaraamatukogu;Valgjärve küla, Valgjärve vald, Põlva maakond;;;;;0;;;
75035364;Valgjärve Valla Avatud Noortekeskus;Saverna küla, Valgjärve vald, Põlva maakond;;0;;;0;0;;TUULIKE.MOLDER.001@MAIL.EE
75011085;Valgjärve Vallavalitsus;Saverna küla, Valgjärve vald, Põlva maakond;;;;;0;;;VALLASEKRETAR@VALGJARVE.EE
75022976;Valgu Rahvamaja;Valgu küla, Märjamaa vald, Rapla maakond;;;;;0;;;VALGU.KLUBI@MARJAMAA.EE
75020670;Valjala Lasteaed;Valjala alevik, Valjala vald, Saare maakond;;;;;0;;;
75020664;Valjala Põhikool;Valjala alevik, Valjala vald, Saare maakond;;;;;0;;;KOOL@VALJALA.EDU.EE
75020693;Valjala Raamatukogu;Valjala alevik, Valjala vald, Saare maakond;;;;;0;;;LIBRARY.VALJALA@TT.EE
75020687;Valjala Rahvamaja;Valjala alevik, Valjala vald, Saare maakond;;;;;0;;;
75020658;Valjala Vallavalitsus;Valjala alevik, Valjala vald, Saare maakond;;;;;0;;;VALJALA@VALJALA.EE
75021862;Valtu Lasteaed Pesapuu;Kaerepere alevik, Kehtna vald, Rapla maakond;Männiku 6;;;;0;;;VALTU.LASTEAED@KEHTNA.EE
75021927;Valtu Rahvaraamatukogu;Kaerepere alevik, Kehtna vald, Rapla maakond;Staadioni 2a;;;;0;;;VALTURAAMAT@HOT.EE
75012676;Vambola Lasteaed;Soe küla, Tarvastu vald, Viljandi maakond;;;;;0;;;MERILA.PIHLAP@MAIL.EE
75021089;Vana-Vastseliina Raamatukogu;Vana-Vastseliina küla, Vastseliina vald, Võru maakond;;;;;0;;;
75024107;Vana-Vigala Lasteaed;Vana-Vigala küla, Vigala vald, Rapla maakond;Lauluväljaku 2;;;;0;;;AVE.LAZAREV@MAIL.EE
75025029;Vana-Võidu Raamatukogu;Vana-Võidu küla, Viljandi vald, Viljandi maakond;;;;;0;;;
75009059;Vara Põhikool;Vara küla, Vara vald, Tartu maakond;;;;;0;;;REIN@VARAKOOL.EDU.EE
75009071;Vara Raamatukogu;Vara küla, Vara vald, Tartu maakond;;;;;0;;;OLGA.HALJASTE@MAIL.EE
75009065;"Vara lasteaed \Ü•nnetriinu\""""";Vara küla, Vara vald, Tartu maakond;;;;;0;;;SILVI.SARAPUU.002@MAIL.EE
75000584;Varbla Hooldekodu;Allika küla, Varbla vald, Pärnu maakond;;;;;0;;;
75035938;Varbla Lasteaed;Varbla küla, Varbla vald, Pärnu maakond;;0;;;0;0;;VARBLA@PARNU.EE
75000561;Varbla Põhikool;Varbla küla, Varbla vald, Pärnu maakond;;;;;0;;;
75000555;Varbla Rahvamaja;Varbla vald, Pärnu maakond;;;;;0;;;
75000549;Varbla Rahvaraamatukogu;Helmküla küla, Varbla vald, Pärnu maakond;;;;;0;;;
75000526;Varbla Vallavalitsus;Varbla küla, Varbla vald, Pärnu maakond;;;;;0;;;VALLAVALITSUS@VARBLA.EE
75035766;Varbola Lasteaed-Algkool;Varbola küla, Märjamaa vald, Rapla maakond;;0;;;0;0;;VARBOLA.KOOL@MARJAMAA.EE
75022841;Varbola Rahvamaja;Varbola küla, Märjamaa vald, Rapla maakond;;;;;0;;;VARBOLA.KLUBI@MARJAMAA.EE
75011056;Varnja Raamatukogu;Varnja alevik, Peipsiääre vald, Tartu maakond;;;;;0;;;PVALD@ONLINE.EE
75001419;Varstu Keskkool;Varstu alevik, Varstu vald, Võru maakond;;;;;0;;;KOOL@VARSTUKK.EDU.EE
75001448;Varstu Kultuurikeskus;Varstu alevik, Varstu vald, Võru maakond;;;;;0;;;
75001431;Varstu Lasteaed;Varstu alevik, Varstu vald, Võru maakond;;;;;0;;;
75001454;Varstu Raamatukogu;Varstu alevik, Varstu vald, Võru maakond;;;;;0;;;
75001402;Varstu Vallavalitsus;Varstu alevik, Varstu vald, Võru maakond;;;;;0;;;VALD@VARSTU.EE
75001997;Vasalemma Kunstide Kool;Rummu alevik, Vasalemma vald, Harju maakond;Aia 5;;;;0;;;OLGA@VASALEMMA.EE
75002040;Vasalemma Külaraamatukogu;Vasalemma alevik, Vasalemma vald, Harju maakond;Ranna tee 8;;;;0;;;MALLIS@VASALEMMA.EE
75032228;Vasalemma Valla Päevakeskus;Rummu alevik, Vasalemma vald, Harju maakond;Aia 14;0;;;0;0;;ANNELY.PADRIK@VASALEMMA.EE
75013762;Vasta Kool;Vasta küla, Viru-Nigula vald, Lääne-Viru maakond;;;;;0;;;
75034525;"Vastemõisa lasteaed \Päevalill\""""";Vastemõisa küla, Suure-Jaani vald, Viljandi maakond;;0;;;0;0;;
75010536;Vastse-Kuuste Kool;Vastse-Kuuste alevik, Vastse-Kuuste vald, Põlva maakond;;;;;0;;;KOOL@VKUUSTE.EE
75010542;Vastse-Kuuste Kultuurimaja;Vastse-Kuuste alevik, Vastse-Kuuste vald, Põlva maakond;;;;;0;;;VKKULTUURIMAJA@HOT.EE
75010507;Vastse-Kuuste Raamatukogu;Vastse-Kuuste alevik, Vastse-Kuuste vald, Põlva maakond;;;;;0;;;MALL@VKUUSTE.EE
75021066;Vastseliina Gümnaasium;Vastseliina alevik, Vastseliina vald, Võru maakond;Petseri 6;;;;0;;;KOOL@VASTSELIINA.EDU.EE
75021103;Vastseliina Lasteaed;Vastseliina alevik, Vastseliina vald, Võru maakond;Turu 2;;;;0;;;
75021043;Vastseliina Muusikakool;Vastseliina alevik, Vastseliina vald, Võru maakond;Võidu 29;;;;0;;;
75021072;Vastseliina Raamatukogu;Vastseliina alevik, Vastseliina vald, Võru maakond;Võidu 38;;;;0;;;
75021110;Vastseliina Rahvamaja;Vastseliina alevik, Vastseliina vald, Võru maakond;Võidu 38;;;;0;;;
75021020;Vastseliina Vallavalitsus;Vastseliina alevik, Vastseliina vald, Võru maakond;Võidu 14;0;;;0;0;;VALD@VASTSELVV.WERRO.EE
75014103;Vatla Rahvamaja;Vatla küla, Hanila vald, Lääne maakond;Vatla mõis;;;;0;;;
75010683;Vedu Raamatukogu;Vedu küla, Tartu vald, Tartu maakond;;;;;0;;;
75012110;Veltsi Lasteaed-Algkool;Veltsi küla, Rakvere vald, Lääne-Viru maakond;;;;;0;;;VELTSI.KOOL@MAIL.EE
75011033;Vene Vanausuliste Muuseum;Kolkja alevik, Peipsiääre vald, Tartu maakond;;;;;0;;;PVALD@ONLINE.EE
75010878;Venevere Raamatukogu;Venevere küla, Laekvere vald, Lääne-Viru maakond;;;;;0;;;
75033922;Venevere Seltsimaja;Venevere küla, Laekvere vald, Lääne-Viru maakond;;0;;;0;0;;SELTSIMAJA@LAEKVERE.EE
75030349;Vergi Raamatukogu;Vergi küla, Vihula vald, Lääne-Viru maakond;;0;;;0;0;;VERGI.RAAMATUKOGU@MAIL.EE
75035832;Veriora Päevakeskus;Veriora alevik, Veriora vald, Põlva maakond;Võru-Räpina mnt 2;0;;;0;0;;AVE@VERIORA.EE
75020285;Veriora Rahvaraamatukogu;Veriora alevik, Veriora vald, Põlva maakond;Uus 3;;;;0;;;
75034815;Veskitammi Lasteaed;Laagri alevik, Saue vald, Harju maakond;Veskitammi 22;0;;;0;0;;VESKITAMMILA@HOT.EE
75024030;Vigala Vallavalitsus;Kivi-Vigala küla, Vigala vald, Rapla maakond;Sääla tee 8/8;;;;0;;;VIGALA.VALD@VIGALA.EE
75015723;Vihasoo Lasteaed-Algkool;Vihasoo küla, Kuusalu vald, Harju maakond;;;;;0;;;KOOL@VIHASALU.EDU.EE
75030332;Vihula Raamatukogu;Vihula küla, Vihula vald, Lääne-Viru maakond;;0;;;0;0;;TIINA.TALLI@MAIL.EE
75023482;Vihula Vallavalitsus;Võsu alevik, Vihula vald, Lääne-Viru maakond;Mere 6;;;;0;;;VALD@VIHULA.EE
75021250;Viimsi Vallavalitsus;Viimsi alevik, Viimsi vald, Harju maakond;Nelgi tee 1;;;;0;;;INFO@VIIMSIVV.EE
75025265;"Viiratsi Lasteaed \Rüblik\""""";Viiratsi alevik, Viljandi vald, Viljandi maakond;Nooruse 3;;;;0;;;LUIVE.REHAND@VILJANDIVALD.EE
75004547;Viisu Lasteaed;Viisu küla, Roosna-Alliku vald, Järva maakond;;;;;0;;;
75004582;Viisu Raamatukogu;Viisu küla, Roosna-Alliku vald, Järva maakond;;;;;0;;;
75034838;Viisu Rahvamaja;Viisu küla, Roosna-Alliku vald, Järva maakond;;0;;;0;0;;
75001922;Viitina Raamatukogu;Viitina küla, Rõuge vald, Võru maakond;;;;;0;;;
70009341;Viljandi Gümnaasium;Viljandi linn, Viljandi maakond;Hariduse 2;0;;;0;0;;
75005363;Viljandi Lasteaed Karlsson;Viljandi linn, Viljandi maakond;Kesk-Kaare 19;;;;0;;;KARLSSON@VILJANDI.EE
75005222;Viljandi Linnavalitsus;Viljandi linn, Viljandi maakond;Linnu 2;;;;0;;;VILJANDI@VILJANDI.EE
75005379;Viljandi Täiskasvanute Gümnaasium;Viljandi linn, Viljandi maakond;Kesk-Kaare tänav 17;;;;0;;;KOOL@VTG.VIL.EE
75038606;Viljandi Vallavalitsus;Viljandi linn, Viljandi maakond;Kauba tn 9;0;;;0;0;;VILJANDIVALD@VILJANDIVALD.EE
70000154;Viljandimaa Veterinaarkeskus;Viljandi linn, Viljandi maakond;Vabaduse plats 4;;;;0;;;INFO.VIL@VET.AGRI.EE
75020300;Viluste Põhikool;Viluste küla, Veriora vald, Põlva maakond;;;;;0;;;KOOL.VILUSTE@NETI.EE
75035803;Vinni Perekodu;Vinni alevik, Vinni vald, Lääne-Viru maakond;Päikese 10;0;;;0;0;;
75008858;Vinni-Pajusti Rahvaraamatukogu;Vinni alevik, Vinni vald, Lääne-Viru maakond;Sõpruse 1a;;;;0;;;VPRAAMATUKOGU@HOTMAIL.COM
74001736;Viru Maakohus;Jõhvi v-linn, Jõhvi vald, Ida-Viru maakond;Kooli 2a;0;;;0;0;;VIRUMK.INFO@KOHUS.EE
75008901;Viru-Jaagupi Muuseum;Viru-Jaagupi alevik, Vinni vald, Lääne-Viru maakond;Kooli tee 7;;;;0;;;
75024886;Viru-Jaagupi Osavalla Valitsus;Viru-Jaagupi alevik, Vinni vald, Lääne-Viru maakond;;;;;0;;;
75008870;Viru-Jaagupi Rahvaraamatukogu;Viru-Jaagupi alevik, Vinni vald, Lääne-Viru maakond;Kooli tee 7;;;;0;;;VJRAAMATUKOGU@VINNIVALD.EE
75020411;Viru-Kabala Raamatukogu;Viru-Kabala küla, Rägavere vald, Lääne-Viru maakond;;;;;0;;;
75013753;Viru-Nigula Koduloomuuseum;Viru-Nigula alevik, Viru-Nigula vald, Lääne-Viru maakond;Rataskaevu 1;;;;0;;;VIRUNIGULA@HOT.EE
75013776;Viru-Nigula Raamatukogu;Viru-Nigula alevik, Viru-Nigula vald, Lääne-Viru maakond;Kalvi tee 2;;;;0;;;RMTK.NIGULA@NETI.EE
75013747;Viru-Nigula Rahvamaja;Viru-Nigula alevik, Viru-Nigula vald, Lääne-Viru maakond;Kunda tee 8;;;;0;;;VIRUNIGULA@HOT.EE
75010232;Viru-Nigula Vallavalitsus;Viru-Nigula alevik, Viru-Nigula vald, Lääne-Viru maakond;Kirikaia 2;;;;0;;;VALLAVALITSUS@VIRU-NIGULA.EE
75037831;Voka Avatud Noortekeskus;Voka alevik, Toila vald, Ida-Viru maakond;Narva mnt 2;0;;;0;0;;NOOREKESKUS@TOILA.EE
75001497;Voka Lasteaed Naksitrallid;Voka alevik, Toila vald, Ida-Viru maakond;Männiku 2;;;;0;;;VOKALASTEAED@HOT.EE
75001551;Voka Rahvaraamatukogu;Voka alevik, Toila vald, Ida-Viru maakond;Narva mnt 2;;;;0;;;MERLE.ARI@MAIL.EE
75008211;Voore Raamatukogu;Voore küla, Saare vald, Jõgeva maakond;;;;;0;;;TEA@AKTIVKESKUS.EE
75008232;Voore Seltsimaja;Voore küla, Saare vald, Jõgeva maakond;;;;;0;;;
75022443;Vormsi Raamatukogu;Hullo küla, Vormsi vald, Lääne maakond;;;;;0;;;
75027241;Väike-Maarja Gümnaasium;Väike-Maarja alevik, Väike-Maarja vald, Lääne-Viru maakond;Pikk 1;;;;0;;;VMGYM@V-MAARJA.EE
75027206;Väike-Maarja Lasteaed;Väike-Maarja alevik, Väike-Maarja vald, Lääne-Viru maakond;Lõuna 10;;;;0;;;
75027212;Väike-Maarja Muusikakool;Väike-Maarja alevik, Väike-Maarja vald, Lääne-Viru maakond;Pikk 2;;;;0;;;
75037274;Väike-Maarja Spordikeskus;Väike-Maarja vald, Lääne-Viru maakond;Pikk 1;0;;;0;0;;SPORDIKESKUS@V-MAARJA.EE
75026282;Väike-Maarja Valla Raamatukogu;Väike-Maarja alevik, Väike-Maarja vald, Lääne-Viru maakond;Lõuna 10;;;;0;;;
75011694;Väike-Maarja Vallavalitsus;Väike-Maarja alevik, Väike-Maarja vald, Lääne-Viru maakond;Pikk 7;;;;0;;;VV@V-MAARJA.EE
75032124;Väike-Maarja Ü•ppekeskus;Väike-Maarja alevik, Väike-Maarja vald, Lääne-Viru maakond;Pikk 1a;0;;;0;0;;VMOK@V-MAARJA.EE
75021379;"Väimela Lasteaed \Rukkilill\""""";Väimela alevik, Võru vald, Võru maakond;;;;;0;;;
75027287;Väimela Tervisekeskus;Väimela alevik, Võru vald, Võru maakond;Matussaare tee 1;;;;0;;;
75009119;Välgi Raamatukogu;Särgla küla, Vara vald, Tartu maakond;;;;;0;;;VALGIRMTK@HOT.EE
75032621;Värska Avatud Noortekeskus;Värska alevik, Värska vald, Põlva maakond;Pikk 30c;0;;;0;0;;ANNELI@VERSKA.EE
75025874;Värska Gümnaasium;Värska alevik, Värska vald, Põlva maakond;Pikk 13;;;;0;;;HELENA@VARSKA.EDU.EE
75027413;Värska Kultuurikeskus;Värska alevik, Värska vald, Põlva maakond;Pikk 12;;;;0;;;
75025868;Värska Lasteaed;Värska alevik, Värska vald, Põlva maakond;;;;;0;;;
75025845;Värska Muusikakool;Värska alevik, Värska vald, Põlva maakond;Pikk 13;;;;0;;;
75025839;Värska Raamatukogu;Värska alevik, Värska vald, Põlva maakond;Pikk 12;;;;0;;;
75025041;Värska Vallavalitsus;Värska alevik, Värska vald, Põlva maakond;Pikk 12;;;;0;;;VALD@VERSKA.EE
75014209;Vääna Raamatukogu;Vääna küla, Harku vald, Harju maakond;;;;;0;;;
75039126;Väätsa Eakate kodu;Väätsa alevik, Väätsa vald, Järva maakond;Türi tee 1;0;;;0;0;;EAKATEKODU@VAATSA.EE
75013500;Väätsa Lasteaed;Väätsa alevik, Väätsa vald, Järva maakond;Kooli 12;;;;0;;;
75013486;Väätsa Põhikool;Väätsa alevik, Väätsa vald, Järva maakond;Kooli 1;;;;0;;;KOOL@VAATSA.EE
75013479;Väätsa Vallavalitsus;Väätsa alevik, Väätsa vald, Järva maakond;Kooli 10;;;;0;;;VVALD@VAATSA.EE
75022628;Võhma Lasteaed Mänguveski;Võhma linn, Viljandi maakond;Veski 11;;;;0;;;ASTA@VOHMA.EE
75022611;Võhma Linnaraamatukogu;Võhma linn, Viljandi maakond;Veski 11;;;;0;;;MAIRERANKEL@GMAIL.EE
75022580;Võhma Linnavalitsus;Võhma linn, Viljandi maakond;Tallinna 15;;;;0;;;VOHMA@VOHMA.EE
75022605;Võhma Vaba Aja Keskus;Võhma linn, Viljandi maakond;Kauba 1;;;;0;;;VAK@VOHMA.EE
75023390;Võiste Raamatukogu;Võiste alevik, Tahkuranna vald, Pärnu maakond;;;;;0;;;
75023421;Võiste Rahvamaja;Võiste alevik, Tahkuranna vald, Pärnu maakond;;;;;0;;;
75011197;Võnnu Keskkool;Võnnu alevik, Võnnu vald, Tartu maakond;Tartu 34;;;;0;;;TIIT102@MAIL.EE
75010186;Võnnu Kultuurimaja;Võnnu alevik, Võnnu vald, Tartu maakond;Tartu 24;;;;0;;;
75039014;Võru Kreutzwaldi Kool;Võru linn, Võru maakond;Kooli tn 7;0;;;0;0;;KREUTZWALDIKOOL@VORU.EE
75021340;Võru Vallavalitsus;Võru linn, Võru maakond;Võrumõisa tee 4a;;;;0;;;VALD@VORUVALD.EE
75030421;Võsu Raamatukogu;Võsu alevik, Vihula vald, Lääne-Viru maakond;Mere 6;0;;;0;0;;VOSU.RAAMATUKOGU@MAIL.EE
75030355;Võsupere Raamatukogu;Võsupere küla, Vihula vald, Lääne-Viru maakond;;0;;;0;0;;AILI.RAUDLA@MAIL.EE
75012328;Äksi Raamatukogu;Äksi küla, Tartu vald, Tartu maakond;;;;;0;;;
75002028;Ämari Põhikool;Ämari alevik, Vasalemma vald, Harju maakond;Lennu 18;;;;0;;;KAJA@VASALEMMA.EE
75012452;Ääsmäe Põhikool;Ääsmäe küla, Saue vald, Harju maakond;Kasesalu 16;;;;0;;;AASMAEPK@DELFI.EE
75012423;Ääsmäe Raamatukogu;Ääsmäe küla, Saue vald, Harju maakond;Kasesalu 16;;;;0;;;AASMAE.RAAMATUKOGU@MAIL.EE
75007451;Üœlenurme Muusikakool;Üœlenurme alevik, Üœlenurme vald, Tartu maakond;Tartu mnt 5;;;;0;;;YLLE@MUUSIKAKOOL.NET
75007480;Üœlenurme Raamatukogu;Üœlenurme alevik, Üœlenurme vald, Tartu maakond;Pargi 7;;;;0;;;KERSTI@YLENURME.EE
